delta,f_drive,f_brake,gamma_y
0.0037284838337383872,816.9412408499311,0.0008000954246208175,115.00442859741761
0.003714748727380213,33.67201839359332,0.028812944750733174,123.26938279962509
0.003564698927707446,2.162484161711419,0.3218046779326521,118.46675813866848
0.003187435878174845,1.2658006805766397,0.5849920514698452,105.9324114757994
0.002483244278698381,0.8762836894542786,0.8469911042950848,82.83148014458172
0.0013208364575236448,0.6678044551039777,1.109120010770279,45.11955990658331
-0.0002872837646862343,0.5380307764803297,1.372221082047341,-6.820792238207622
-0.0015574276973773387,0.45426713987524714,1.6375400478649,-48.54321914253461
-0.002169856746685132,0.39140726533518944,1.9045695203250095,-69.13803094325169
-0.0024552479665934887,0.34331920300994473,2.1730740603781866,-78.52840228479862
-0.0025959502134800276,0.3055184485979744,2.443019502706042,-82.91352886627303
-0.0026740226293964476,0.2750544830979331,2.7144191883991913,-85.12905198987605
-0.002716073370331091,0.24998518180010437,2.987300151165046,-86.13536382797417
-0.0027036142930968792,0.22899077438123494,3.2616958564922487,-85.4316238690854
-0.0025720032740302093,0.21114236289893545,3.537654506075301,-81.07263704562564
-0.0022024635406198605,0.19575667133140676,3.8152677921753075,-69.46199997105258
-0.001411791887858753,0.18226632892197925,4.09475394560402,-45.07244885180434
3.140478936985534e-05,0.17022047534528056,4.376782374884387,-0.9586043029967545
0.001654504079095281,0.1601710373647276,4.663019937624343,48.95359780974103
0.002636820508285724,0.15092857721271902,4.951845330181753,79.78592564758863
0.0032185028308777354,0.14259049173904195,5.24256316235649,97.74357466717082
0.003464186769511942,0.1350701445402102,5.534976825570155,105.21529700993977
0.0033866658038632555,0.1282592905835991,5.829044321470464,102.79012080842433
0.0029144417229225606,0.12205748389502916,6.124815073562103,88.55215878022287
0.0018831063287088191,0.1163559534254233,6.422473435241009,57.83751810443361
7.975600540412214e-05,0.11099102731573655,6.722667538843726,4.562470937571899
-0.0017760999079311423,0.10634518926614635,7.027766610623416,-50.67659935646942
-0.0028191593726123645,0.10192176467154215,7.335861615719372,-82.33661832501622
-0.003354419568431574,0.09779796032807844,7.646140561696007,-98.32351966013876
-0.0035854417208767172,0.09396535672607245,7.958410384276748,-104.99622295372716
-0.003646339976331206,0.09039834434981088,8.272633932027249,-106.47739257406045
-0.003624046435056638,0.08707132367124017,8.588833442498355,-105.42323809577458
-0.0035750941092044927,0.08396110354820349,8.907058430024895,-103.54106948343538
-0.003535463676903943,0.08104712314206733,9.227369633199475,-101.90290424173763
-0.003526758605094382,0.07831124542595293,9.549828250296304,-101.14117151922122
-0.0035605260720096964,0.07573747360050427,9.874488168101744,-101.58427782041441
-0.0036414037849955196,0.07331168024207758,10.201391158402725,-103.35439803046324
-0.0037693018305651623,0.07102136737707397,10.530565246359084,-106.43507297380997
-0.003940834400575999,0.06885545435216256,10.862025944180292,-110.71559153801232
-0.00415023840568504,0.06680408725042788,11.195779478311765,-116.0195192165878
-0.004389974763119552,0.06485846730171714,11.531826889795173,-122.12339063931333
-0.004651216376343038,0.06301069970645505,11.870168023789956,-128.77153569748435
-0.00492442723433934,0.06125366488521553,12.210804782178736,-135.69281057912258
-0.005200056721204483,0.05958091193571167,12.55374338787708,-142.620021324462
-0.0054691045339232995,0.0579865718294558,12.898995696451067,-149.30552259671094
-0.005723362024980807,0.05646528708605827,13.246579768986498,-155.52774667585507
-0.0059555856107949045,0.05501215470766119,13.596519980863492,-161.09541254261435
-0.006159648628845998,0.053622678700363004,13.948846887382677,-165.85099118051681
-0.006330878039106962,0.052292729740247804,14.303596995446869,-169.6788028507601
-0.006466677142384287,0.051018510259518556,14.660812512855253,-172.5204116933645
-0.006566848182938079,0.0497965233947398,15.020541078815874,-174.38218671321687
-0.006633477953351083,0.04862354527238746,15.382835475538398,-175.33114391481746
-0.006670550890650414,0.047496600319335884,15.7477533289903,-175.48352426244585
-0.0066833278179907205,0.046412939153630546,16.11535680057466,-174.9875121276386
-0.006677506305794964,0.045370018639978894,16.485712272808854,-174.00073225390315
-0.006658495262714875,0.04436548395854567,16.858890048133624,-172.67102054364872
-0.006631044303509213,0.04339715250413791,17.234964082142717,-171.12670010957203
-0.006599011885208105,0.0424629992417324,17.614011758592888,-169.47095261004526
-0.006565216787146454,0.04156114335775323,17.996113715977554,-167.77853032193403
-0.006531286130526957,0.04068983602412048,18.381353741812593,-166.09257426184632
-0.006497649883098559,0.039847449241777674,18.769818762499813,-164.4250866383631
-0.006463757127765392,0.03903246567988821,19.161598951086447,-162.76292519161174
-0.006428465443424192,0.038243469400004663,19.556787953927913,-161.07802331641548
-0.00639042573859909,0.0374791373362438,19.955483213516153,-159.33737579357265
-0.006348436180265604,0.036738231521326034,20.357786356559934,-157.51197489245888
-0.006301724779656624,0.03601959203133557,20.763803612443805,-155.5837605326623
-0.006249908156455072,0.03532213049158442,21.17364622737929,-153.54466104233796
-0.00619269924595812,0.03464482413359346,21.587430874704516,-151.38942684927764
-0.006129524392149952,0.0339867103528989,22.005280101615828,-149.10632373085775
-0.006059055427626727,0.03334688159534276,22.427322881584523,-146.66606201182884
-0.005978862715217494,0.03272448050157561,22.853695379527725,-144.0137645563665
-0.005885343488536414,0.032118695201822096,23.284542056936296,-141.06764265757772
-0.005773886660522405,0.03152875458262172,23.72001724404079,-137.72340892797487
-0.005639716679554361,0.030953923692775078,24.160287316532795,-133.87420072435143
-0.005479359576159555,0.030393499324959605,24.60553353915108,-129.44468427553412
-0.0052922312162586565,0.02984680585837508,25.055955506799158,-124.42748154564472
-0.005081724177440852,0.029313191612696726,25.511774968899537,-118.90734908467168
-0.004855306746986051,0.028792026064072197,25.973239655971472,-113.06208555194745
-0.00462374344681507,0.028282698469275915,26.440626541929927,-107.14292185722016
-0.004399389016319926,0.02778461792735164,26.91424371998732,-101.43425778922068
-0.004193750092617403,0.027297214472454128,27.394429997319836,-96.19765329228508
-0.004015575386805428,0.026819941360734633,27.88155178256974,-91.62825700182407
-0.0038699030630868275,0.026352278151694074,28.375997560875895,-87.83395435752072
-0.003757941473086247,0.02589373400303148,28.87817104310596,-84.83410442785986
-0.0036774164113749586,0.02544385038344472,29.388484640974628,-82.56915900336946
-0.003622810576443042,0.02500220201914559,29.90735500930264,-80.90818019688786
-0.0035839936785630414,0.024568393530759115,30.43520223297117,-79.62201226584416
-0.003547221737906304,0.024142056061049005,30.972455362632502,-78.40511582193223
-0.0034639012881013203,0.023722793077896712,31.519564723060967,-76.22731452172981
-0.0033497777346739297,0.02331032995739413,32.07706175212023,-73.37167439364536
-0.00219751510005586,0.022901280037971115,32.64556893145555,-49.09761724644548
0.0018141030971499533,0.022501349114667907,33.228080533200746,34.910176372228044
0.004043159831712722,0.02210241136522801,33.83094520495385,85.21874259869203
0.0047456217021873085,0.021707818837219464,34.446100737509326,101.18973003810436
0.004639453043487013,0.021319892628499783,35.07309930290285,99.11043417128654
0.0012106110130494507,0.020931447168208692,35.71261646435821,29.63830223978998
-0.0021768778136128024,0.020554444142533587,36.37394094796634,-42.60018617962452
-0.003998446950313575,0.020175229058335648,37.05842826883634,-82.34678280815848
-0.004843882862053288,0.01980020212398631,37.75908557784954,-100.43501840822542
-0.004931591184864685,0.01943069558928956,38.47526610294978,-102.48858493748877
-0.00419888328408632,0.019066512666994044,39.207548088933095,-87.67518621149841
-0.002223509904171784,0.018704233937832732,39.95767167169027,-47.97273278708603
0.0019931147853705627,0.018349832189467435,40.73257326452391,36.01491442718398
0.004178940655212513,0.01799139648207087,41.54448739874082,83.19551192079928
0.005265180837574928,0.017636238672161922,42.3793947717429,105.62763865148888
0.005786673117617051,0.01728582854425002,43.23628018022159,116.12503049198652
0.006082237882774106,0.016940349265899386,44.11569801946798,121.63795612697615
0.006346990451215953,0.016599691709270798,45.0186700453795,126.29841722974766
0.0066907228917684036,0.016263683134464964,45.946396136724395,132.36951345328578
0.007154283954053581,0.01593214523854697,46.900149237450094,140.70612331781922
0.0077128348788793495,0.015604910304580473,47.881259040942474,150.85552279811313
0.008265722646367615,0.015281812403068919,48.89115999344274,160.90906903120165
0.008606191348546169,0.014962665697317126,49.931475799057345,166.97471643499318
0.008408045234917194,0.014647234716187724,51.00413053311416,162.94649124386873
0.007074442295442042,0.014335150314192104,52.111531471943515,137.84183423966618
0.004277606927529244,0.014025414993512262,53.25723897710223,85.31759178919519
-0.0021097536299545805,0.013717560748509921,54.45020236342723,-32.23770951270129
-0.006208548631953182,0.01339986628920898,55.741044756647504,-113.60023536847598
-0.008498003196916926,0.013083223559872565,57.08775072927907,-157.9356784318037
-0.009791583335476814,0.012768944216201217,58.490168749090984,-182.42325933729774
-0.010254403931890949,0.01245701664128332,59.95196928565517,-191.08862362700336
-0.009292758886942648,0.012147138112840022,61.47834464234227,-174.06705603690432
-0.006516897373485331,0.011838675690196825,63.07635580708522,-124.1258157980964
0.002212149488600794,0.01153059369587164,64.7580964281506,28.95268557398311
0.009641673399620444,0.011213682188876585,66.58772675280538,168.10564243164004
0.01654957964228809,0.010896625284768176,68.52263709113404,293.29373196545566
0.024636612220180355,0.010580402638040175,70.56778374755655,436.91257287182776
0.034525554828645146,0.010264775366543431,72.73465631838728,611.3071127222502
0.04611252358068753,0.009949239761552386,75.03824053052904,814.9416681315776
0.05889624581064396,0.009633123282629516,77.49728834091393,1038.7273727095255
0.07228605803945319,0.009315675163197033,80.13449405498304,1271.5991510931422
0.08576922646607228,0.008996250467458231,82.97571730573364,1503.605994789379
0.09887565566858174,0.00867461303980564,86.0475553274896,1725.4696092043864
0.11103499063178143,0.00835138620367383,89.37208493304134,1926.231084845398
0.12148642588309372,0.008028630719936368,92.95759900040535,2092.096173003104
0.12952639434939917,0.007710310050227511,96.78621837277983,2211.2639357817425
0.13512914149730196,0.007401870672852271,100.80737920400722,2284.4198894369842
0.13880901347250627,0.007108903906150621,104.94644387380391,2321.2821019067683
0.1407517094758243,0.006836251767513934,109.11366319637015,2325.716269849726
0.14085063604722517,0.006587524622122768,113.2124565426637,2296.7311577245096
0.13902472263598956,0.006364545496810951,117.15596377600899,2234.34511211894
0.13484698386136704,0.006167486774949494,120.87602481013501,2135.152731574202
0.12769258591581265,0.005995238277727103,124.32653379378075,1994.5754177271551
0.11756578149950628,0.005845589284176514,127.48833064799436,1816.584992992693
0.10526506406139845,0.005715586039779924,130.36865612405913,1613.6193374958732
0.09184809803285716,0.005602087409922799,132.9920414992155,1400.0157455475169
0.0781683862682819,0.00550222104997256,135.38943125652392,1187.0511316035963
0.06480851976124,0.00541358241559793,137.59105360306967,982.1384288785629
0.05225853530470663,0.005334233468305372,139.62370133655486,791.3098852419372
0.04099086854010885,0.005262625858108472,141.51037508884374,620.5885123711881
0.031393526042385766,0.0051975226091269975,143.2705314973838,475.15180247019015
0.02366315837877948,0.005137932559410902,144.92048538106008,357.7311785297975
0.017751422592187337,0.005083056497932533,146.47389333070944,267.67550923637367
0.013410701895510855,0.005032244063076274,147.94223593148865,201.416786238568
0.01029417588231672,0.004984960033522247,149.33525085931498,153.84518033112897
0.00806750864041682,0.004940758470391054,150.6612973640381,119.91889046009632
0.006549117745605007,0.004899265233469346,151.92764692309476,96.62578245925556
0.0057239290265362385,0.004860170051174826,153.14060410549303,83.40125718640732
0.0055577027004363455,0.0048232184199110215,154.30532170408694,79.76041976109464
0.005945291947920332,0.0047882022628226405,155.42571185921258,84.23623629119115
0.006708749101093006,0.004754950826788519,156.5047971556732,94.34402430347095
0.0076219315562319956,0.004723319006124962,157.54521821821234,106.89599277206933
0.008525340693798242,0.004693177137543082,158.54949676108538,119.47213495974795
0.009341266199794593,0.004664406392985841,159.52004633074114,130.84976187899136
0.010035345732961715,0.0046368984544815466,160.45912923528545,140.49825595577101
0.010593834296718877,0.004610555379673539,161.36883464316884,148.2105122181045
0.011014310623523312,0.00458528895019428,162.25107699238683,153.95197300095643
0.011302185465752576,0.004561019776380209,163.10760507706976,157.80190004356623
0.011469058225055902,0.004537676350554151,163.94001549356813,159.92709358311262
0.011531547069313013,0.00451519414723432,164.74976716875426,160.56401664469365
0.011509859493369976,0.004493514808397727,165.53819537958194,159.9987598769268
0.011426215403995889,0.004472585424894731,166.3065245849989,158.54482345447687
0.011303200093589174,0.004452357910062554,167.05587984549936,156.5202400454205
0.011162061572654309,0.004432788455747396,167.78729685609193,154.22425374281596
0.011021029650925256,0.004413837059114376,168.50173075011747,151.9144856598476
0.01089403173433502,0.00439546710961905,169.20006388270994,149.78913430476192
0.010790017915921423,0.004377645026634782,169.88311278941845,147.9774624592716
0.010712895168982953,0.004360339940286395,170.55163447348878,146.53874442868627
0.010661658403735485,0.004343523408809826,171.20633212016352,145.46468870820914
0.010630615753135855,0.004327169168256023,171.84786030387534,144.68310857460534
0.010610057764447619,0.004311252911907964,172.47682972119205,144.0668313443217
0.010587229082613203,0.004295752095366715,173.09381144705713,143.4470014454219
0.010547566805496539,0.00428064576472172,173.69934072132966,142.62975465563588
0.01047619587467337,0.004265914405146325,174.29392028670733,141.4161511869311
0.010359348228144813,0.0042515398066485565,174.8780233137992,139.62149091255588
0.010185813642059569,0.004237504945755068,175.4520959696328,137.09443054669805
0.009949107366097885,0.004223793883940674,176.01655967413743,133.74412367666827
0.009650332423353452,0.0042103916832698035,176.57181303868407,129.57662146120998
0.009300792251234492,0.004197284340572698,177.11823343771542,124.72935966542781
0.008924092126121103,0.0041844587468254976,177.6561781346019,119.49857950689471
0.008558071674418077,0.004171902679531795,178.18598480544097,114.36349798576337
0.008255176357017101,0.004159604814084115,178.70797121864896,109.99264264156058
0.00807929097876147,0.004147554699422032,179.222434040307,107.20688362574816
0.00809956054783999,0.0041357426263739575,179.7296475246111,106.90143730288294
0.008387470274378792,0.004124159410726453,180.229863873167,109.99899910391476
0.00902669869445761,0.004112796225477436,180.72331673462645,117.55392619827323
0.01013555353230118,0.004101644532105761,181.21022711476155,131.02418285198067
0.01188145876021547,0.004090696061578065,181.6908095089123,152.47855171556384
0.014459159817315612,0.004079942871295951,182.16527658059127,184.3786748090193
0.018028565415012618,0.0040693774612971904,182.63384109283217,228.83478427445644
0.022641298276888284,0.004058992808563369,183.09671418757168,286.65980313904873
0.02819264408313315,0.004048782276569612,183.55410109044968,356.69979874592616
0.0344215358334503,0.004038739541748253,184.0061972861241,435.75823717209124
0.04096366834830603,0.004028858626653477,184.45318667867375,519.1947252786254
0.0474354285872701,0.004019133936283874,184.89524041705718,601.9716029176038
0.053508724871172274,0.004009560260885916,185.33251569247372,679.6682760323007
0.05894919123592277,0.0040001327849048356,185.76515495718533,749.0632768369863
0.06360827774077236,0.003990847067623686,186.19328561890325,808.1229144651968
0.06737736292140885,0.003981698989527913,186.61702061166142,855.469009493449
0.07013528114190992,0.0039726847225010345,187.03646048655634,889.696782399885
0.07172148408268365,0.003963800724815422,187.45169637193015,908.9810408813117
0.07194757311284852,0.003955043784616906,187.86281235158725,911.170438292304
0.07063990855737093,0.00394641104815456,188.2698852685995,894.2975520519368
0.06768993434167489,0.0039378997147175125,188.67298163032174,857.193382162538
0.06310708297769915,0.003929506739114516,189.0721590781717,800.0536648847659
0.0570653976089322,0.003921229056518749,189.46747691578457,724.9462155856114
0.04992609992099949,0.0039130637386017375,189.8590062373817,636.1140210366069
0.042231140803037345,0.0039050078766206284,190.24683284452897,539.9487767748478
0.03462852872234754,0.0038970585365340174,190.6310547004236,444.2336895403908
0.027726395870686076,0.0038892127083405767,191.0117762062365,356.5024375412603
0.02196118886267541,0.003881467276675482,191.38910250777982,282.38237475409534
0.017521116074680557,0.003873819186498022,191.76313646487017,224.57596221550463
0.01436674549131269,0.003866265687098785,192.13397687763353,182.93099653132148
0.012170923287567137,0.003858804060167498,192.5017157332405,153.9225295144526
0.010634354843785445,0.003851431859205667,192.86643807696422,133.62937901138653
0.008503288822567078,0.0038441413415419264,193.22822146851672,108.87222586214176
0.007447490291808995,0.0038369414961596,193.58717661107832,92.87177727736155
-0.00375563547642787,0.003829834094960192,193.94333129834763,-20.247770774553803
-0.00758850890488757,0.0038228004072323476,194.29671086542095,-90.00364071190567
-0.007634825658613545,0.003815847126454831,194.64722064561963,-93.52334998438833
-0.007441599782002405,0.0038089725957474226,194.99495076787053,-91.20501336458494
0.0035988675309446445,0.0038021853045206175,195.33996952699766,18.07376980260008
0.0077064933549818556,0.003795469032906663,195.68232373451966,90.22673971142551
0.008269248441485263,0.0037888291113082175,196.021897485745,99.65065781125901
0.008637833270960755,0.003782262948167664,196.35877991274901,104.14079474986151
-0.002299744438951134,0.0037757736542778993,196.69304433115923,-1.9303648062613774
-0.006443751094475324,0.003769351571619372,197.0247604194875,-74.34464662007092
-0.0080991328681407,0.0037630105345657834,197.35373955126016,-94.46988638293634
-0.009241562380442993,0.0037567349764265874,197.6800700881123,-109.646680779884
-0.010319243238780302,0.0037505290345296515,198.0038891297243,-122.25559785611532
-0.011740119738619242,0.0037443896171946217,198.32527105884978,-138.46524311871178
-0.013737113420982217,0.003738314741853402,198.6442883215545,-161.0915651671509
-0.01641745776815298,0.0037323023304633505,198.96101356636328,-191.7129808531376
-0.019742160389872927,0.0037263505076517143,199.27552074674855,-230.10161947458363
-0.023529427240564043,0.003720457549903369,199.5878828268273,-274.33092402809496
-0.027487636468066855,0.0037146218396623197,199.898169759641,-321.08423034408605
-0.0312720969415605,0.003708841841846947,200.20644738681438,-366.3047810567747
-0.03454439487049844,0.0037031160855482653,200.51277689291064,-405.9130478188275
-0.037022118214782025,0.0036974431740208814,200.8172146257628,-436.431949750753
-0.03851732692422923,0.003691821786357673,201.11981205601882,-455.47391909712945
-0.03895680976740846,0.0036862506350252753,201.42061593119126,-462.0161826140837
-0.03837403109910032,0.003680728450659291,201.71966918017097,-456.3392751720247
-0.03687951880109856,0.0036752540186325163,202.01701247545165,-439.6888948176666
-0.03463124293734545,0.0036698261855247706,202.3126856196955,-413.90586990536775
-0.03181729435210738,0.003664443839981969,202.606728408688,-381.19124251229874
-0.028649206085716132,0.003659105901246938,202.89918103243724,-344.00886224233045
-0.025355113224159603,0.003653811312736421,203.1900840815834,-305.0122426786001
-0.022172855089800683,0.0036485590552797157,203.47947823611753,-266.9669746077008
-0.019309882422243903,0.003643348151734808,203.76740361040964,-232.3655603435914
-0.01694731772853724,0.003638177733183765,204.05389892809777,-203.35507264411936
-0.015034352541735095,0.003633046888592814,204.33900030636093,-179.87329513076713
-0.013644291026812404,0.0036279549984976392,204.6227411581837,-162.32641099893252
-0.0113587584000551,0.0036228991435083026,204.90515033861158,-137.88574866452842
-0.010312651857425607,0.0036178830231384028,205.18626595240772,-121.88506551274988
0.0019255635089188265,0.003612906127767234,205.4660940104042,-7.483110062296401
0.00622298947454186,0.003607960186106521,205.744663768466,69.05154981311742
0.0070958151244557705,0.003603059663625697,206.0217781104251,80.83344167668699
0.007338219375811798,0.0035981910408864866,206.29749225771735,85.22418959787484
0.007350444538324974,0.0035933596154335934,206.5718997723911,85.4375989186961
0.007495692212264474,0.003588563896308599,206.84503486171124,86.70804317457325
0.007832360366272339,0.003583802876815297,207.11692624088013,90.13693076658424
0.007728919671608306,0.003579073413951126,207.38760657360578,90.03861478452052
0.008422197587465922,0.003574380082470565,207.6571287743365,95.71176319542987
-0.001614550763559322,0.003569718933222278,207.9254945829558,6.814776428713699
-0.0046565323492202045,0.003565070879748553,208.1927919218286,-52.3570600313385
-0.004291565984444429,0.0035604691404485076,208.45884207732846,-50.41246902549609
-0.0037505231984582177,0.003555890013584173,208.7236650129819,-44.475844729088244
-0.0032098580884346857,0.003551341083844404,208.98729840228586,-38.108008451534175
-0.0028012135124448395,0.003546825719411318,209.24971877708452,-33.0686561769982
-0.002530216826903321,0.003542346813957147,209.51085052248473,-29.646156182020437
-0.0023725935988391164,0.0035379073456993657,209.77059352099872,-27.585815467265057
-0.0023101038810234235,0.003533509620518082,210.02884847643205,-26.655991873819346
-0.002335268705636,0.0035291545909635434,210.28553723586612,-26.745820271466485
-0.0024518598885961695,0.003524841659142472,210.54061838100088,-27.872957132267867
-0.002675026668063621,0.0035205686633416554,210.7940968759254,-30.18530596032979
-0.0030306845741401504,0.0035163322011168494,211.04602854013967,-33.95518917116951
-0.0035449495030485784,0.0035121281459107386,211.29651816617516,-39.48271180533294
-0.004185359269936559,0.00350795215811355,211.54571059392217,-46.539282423331656
-0.004640447598971763,0.003503799129731046,211.79377467401835,-52.231918669072364
-0.005334406138832063,0.003499674891243574,212.04088522388247,-59.39110392760972
0.00452834992676116,0.003495579464303256,212.28708636183092,26.309994061026195
0.007484070305694135,0.0034914976777711657,212.53260454109497,84.00985006144137
0.007629988587387956,0.0034874388994445096,212.77737975563565,86.54359025801052
0.007646580344084147,0.0034833986116435895,213.02140226941157,87.2641245779315
0.007353302497085812,0.003479378971318951,213.26470487884734,84.47372315673393
0.007996054713489192,0.0034753831914910082,213.5073097500343,89.22166613776992
0.0019411898949046763,0.003471387720550276,213.7492025465496,37.97051362950438
-0.006484216290433234,0.0034674510671710854,213.99053794152437,-56.03333355512406
-0.008109910907718567,0.003463528850572196,214.23062436736103,-91.93450303848303
-0.008104845115207954,0.0034596212651466897,214.46998167033064,-91.82264564981406
-0.008026471880142182,0.003455732074742956,214.70860167625614,-91.38026841724076
-0.008027037314094683,0.0034518637335655498,214.9465114375027,-90.97528239955456
-0.008279407369968178,0.0034480154531448867,215.18372308136153,-93.23996296681933
-0.008724997136894504,0.0034441865625324647,215.4202529759352,-97.86292849034949
-0.009160837712395134,0.0034403763744718955,215.65612539065395,-102.84847349980838
-0.008279377207364314,0.003436581586104614,215.89137028222027,-96.16480411466051
-0.007510114273439831,0.003432806743596929,216.1260344295834,-86.32706064808964
0.006314429251003403,0.003429055609897813,216.36010914757208,36.094258589717164
0.011450043512162703,0.003425321932240554,216.5936500180548,124.59581991313121
0.013790058992388488,0.0034216021413554874,216.8265907550838,150.2385268928265
0.015666115375113476,0.00341789701882325,217.0589372593678,173.33529712548471
0.017876812851203586,0.00341420902727167,217.2907326748808,196.75755194389748
0.020629384921746634,0.0034105368667040246,217.52200102000987,226.68570911451562
0.02388425468092404,0.003406880104932882,217.75277159125244,262.1519808410982
0.024264243829790685,0.003403238336869644,217.98307617425206,273.9024362781542
0.0234207135212635,0.003399610505003918,218.21294892934813,265.56628038002094
-0.0027600799213363283,0.0033959984840092917,218.44242560815712,36.36401737816793
-0.015940670778956195,0.0033924072614724405,218.67153631370647,-161.10019720648066
-0.024369473946149196,0.003388822624143676,218.90016854557743,-255.0020690996523
-0.031531381634893094,0.003385249222936318,219.12842865140547,-340.004312864551
-0.03843455293067308,0.003381688713749879,219.35641365360124,-416.75243433944325
-0.047474145152960286,0.003378138878811772,219.58419784345335,-512.542369901745
-0.06111234639918649,0.0033745987353049635,219.81184444722217,-654.1692091062014
-0.08069902443033254,0.003371067953378961,220.03937004266808,-860.0994524604736
-0.10633813957715811,0.003367548872902081,220.26666003320133,-1134.852044413455
-0.1367593281229276,0.0033640456975529347,220.49353056206473,-1466.7485789883358
-0.1692862611205661,0.003360527250891837,220.72219245715144,-1822.0764800286402
-0.19971026704716754,0.0033572104847097955,220.93890377101746,-2142.531485382689
-0.22252102207125554,0.003353897905670297,221.15655390802297,-2359.783856060495
-0.23437977045008318,0.0033505596952918266,221.3762057769983,-2447.304112497441
-0.24026806345359614,0.0033472319574491083,221.59543011525392,-2467.658346523652
-0.24501517941326037,0.0033438808426905463,221.81818218061727,-2468.8030652690336
-0.24364798593653678,0.0033405816421931325,222.03919060976827,-2406.739321280141
-0.2302156754104537,0.0033373220422393303,222.2575368234293,-2243.5633663262947
-0.2062576029799078,0.003334097067082933,222.47296469651909,-2002.6501494577255
-0.1761684724521768,0.0033309064644807458,222.68547063371474,-1717.8138875005575
-0.1439327018487621,0.003327750755597406,222.89504615194105,-1419.7628083690574
-0.11355178583825425,0.003324633602303699,223.10170850161433,-1136.1332047766525
-0.08779558814265087,0.0033215593248733114,223.30552340904472,-887.9011355733238
-0.06727402664370236,0.0033185311170571287,223.50658760523646,-684.6690651466251
-0.05166597041156273,0.00331555009126467,223.70500028677353,-526.7027860703887
-0.040705026805541264,0.003312614487922552,223.90084564084765,-412.01379145570223
-0.030816769918978693,0.0033097217297448117,224.0941953740568,-317.9747780551654
-0.023773879707734542,0.0033068695840298384,224.28511748567107,-242.2995429730704
0.00212848902242742,0.0033040584511143133,224.47367881059694,-60.74382885203547
0.012696394293914079,0.003301289269617147,224.6599481852313,104.80654784926128
0.015096321953553779,0.0032985558611980433,224.84389290438773,136.61690595849055
0.015519017316107872,0.0032958569261431624,225.02560164790938,147.13105274266573
0.01457149093960049,0.003293195026359744,225.20518076239156,140.8559636270059
0.013542737381565148,0.0032905683804639665,225.38269767008697,130.96414214945224
0.012711089680493818,0.003287975582709593,225.5582098818805,122.52397524520676
0.012181664372178843,0.0032854158208525212,225.73177105520287,116.66649789506606
0.011635550078623186,0.0032828878999598752,225.903431088357,111.75181311922155
0.010464212519797336,0.0032803903218606625,226.07324089172158,102.62252055449758
0.010344742448351507,0.0032779248332718736,226.24125249946658,97.6209667935438
-0.002397975326838722,0.003275489785577176,226.40748897071006,18.911811421263526
-0.007214569746509918,0.0032730811695451216,226.57203768421525,-62.73393386186445
-0.007140463979820192,0.0032707037874247233,226.73483357711945,-68.1386436256191
-0.0069980242152538645,0.0032683520626624798,226.89592114809795,-66.80045577492103
-0.006842442823228995,0.003266028194887406,227.05534816618328,-65.28916628320741
-0.00686884806384473,0.0032637316863798416,227.21315140538067,-64.99061872558609
-0.007059082295260646,0.0032614615100174677,227.36936281088467,-66.40542886565402
-0.007163897411539368,0.0032592164880372435,227.52402139040043,-67.77427004302155
-0.007644219937858518,0.0032569973303996544,227.67717630297824,-71.03268106735227
0.0030663230717819625,0.0032548038231508883,227.82885288361075,-6.0309078182725875
0.006757540877280399,0.0032526297825544942,227.97917039184384,60.65666573478395
0.006088971503523295,0.003250480899000118,228.12808333094247,59.873867858489014
0.005402337244640692,0.0032483515590022213,228.27561501252748,53.171446367574205
0.004750924985980943,0.0032462443510883703,228.42178495211047,46.85407672571402
0.004234636504249995,0.003244159550325408,228.56660197093507,41.56264475829212
0.003868976969963748,0.0032420973518542174,228.71006462510837,37.696877960021226
0.003634269441197285,0.003240057905350516,228.8521676284618,35.13616172996354
0.003507666920550596,0.003238041216253846,228.99290775634387,33.66320135067404
0.0034711318654656142,0.0032360470811644442,229.13228824305173,33.09265748486094
0.003511877681296364,0.0032340750876715015,229.27032127144182,33.28978560228954
0.0036210916559260855,0.0032321246536852455,229.40702865567994,34.161378227041034
0.003792349114129803,0.003230195080920136,229.5424411289668,35.641181526905065
0.004020061978409801,0.0032282856071870858,229.6765967251466,37.674950629207196
0.004297935354424645,0.003226395448294308,229.80953866050615,40.205761371368
0.0046173571462774675,0.003224523828860174,229.94131305534498,43.1588360035563
0.0049658164427562445,0.0032226700043407777,230.07196677026207,46.426265710747735
0.005325713319260606,0.0032208332762738963,230.20154555772908,49.854351099975446
0.005674138840040763,0.0032190130016063944,230.33009264938693,53.23856414113874
0.005984244944057639,0.0032172085967186632,230.45764782315928,56.332056278225586
0.006228720033224718,0.0032154195376787654,230.584246922574,58.87301328869771
0.0063855129022323135,0.0032136453591053503,230.70992173629492,60.633399355492536
0.006444853888034063,0.0032118856536742127,230.83470011213532,61.48330999611456
0.006415008171683708,0.0032101400725079838,230.95860619620987,61.450860770745706
0.006323602713759504,0.0032084083246340447,231.08166074257394,60.74826721893243
0.00621323476268568,0.003206690173008892,231.20388150586243,59.74553421165211
0.006133627169440046,0.0032049854204957784,231.32528378610417,58.90337702885284
0.006134943659553012,0.0032032938798389953,231.44588122161852,58.70412854372315
0.006263680914546715,0.003201615331921907,231.5656868843649,59.60552717640466
0.006558838329984977,0.0031999494912051266,231.68471465897005,62.00452755181996
0.007042751857057598,0.0031982960030925,231.80298069209096,66.16601684039176
0.007650243708849551,0.003196654419305486,231.9205044486316,71.73631503734437
0.008101975916229793,0.0031950242241108127,232.0373097697436,76.65796241105151
0.009068884049185353,0.0031934057999699374,232.15342366826707,84.18637001411577
0.0022505789802873695,0.0031917971794651412,232.2688564367275,44.05170554260282
-0.007104199807378751,0.003190203485358538,232.38366348633312,-43.81363042256092
-0.008864961280964756,0.0031886233699546726,232.49780019314815,-84.82025041872595
-0.008570082491837834,0.0031870485147118574,232.61129541519952,-82.90736607504127
-0.008558293622476358,0.003185482879162368,232.72414900537046,-82.34447624181128
-0.008744594800568706,0.0031839275341976315,232.83637282296357,-83.55666763642405
-0.009255673925988554,0.0031823822480883655,232.9479769724213,-87.63758850917026
-0.010031623266061811,0.0031808466808193854,233.05897344804688,-94.50321487169445
-0.010669331796575325,0.0031793205786777956,233.1693776847594,-101.26908642239769
-0.009941856667891054,0.003177803194938794,233.2792082535215,-98.49140035480094
-0.00911795756770436,0.0031762956154378053,233.38848520812934,-89.9108636711799
0.007136227162218035,0.003174798249913566,233.4972128158175,17.56953893559161
0.014518370861331708,0.0031733141348334187,233.60542015964907,129.0122392110667
0.019412669702895603,0.003171835411971736,233.7130895310374,173.2881552068208
0.025880387450219228,0.0031703619719606747,233.82022247097538,232.9824119792635
0.03408871098624869,0.0031688973153614556,233.9268444363243,307.2657784025148
0.043924979119546285,0.0031674404440070296,234.0329702444409,398.6318278422395
0.05473119241289302,0.0031659910694987023,234.13861361391324,501.14817648793274
0.06591910582853293,0.0031645492361876953,234.24378747798002,608.9009256743528
0.07717547820468167,0.0031631146880895817,234.34850421643105,717.8320588969945
0.08838858200182667,0.0031616872719563275,234.45277620981906,826.2397493171654
0.09945264628289147,0.00316026677413021,234.55661595259983,932.9123800105854
0.11008374083927322,0.003158852872352992,234.66003619082346,1035.3126292534528
0.11975510054661322,0.0031574450698470236,234.76305027128691,1128.5978417472438
0.1278134588499119,0.0031560430127189182,234.865672747716,1206.420000745906
0.13370734340503682,0.0031546470644686153,234.96791953789193,1263.1342075456857
0.1371555822445594,0.0031532585236093763,235.06980646181992,1295.8382136054174
0.1380675025884496,0.003151878048573773,235.17134614621585,1304.1763517416955
0.13643942889093452,0.003150504486851339,235.2725469840114,1288.8983872003325
0.13249978286963016,0.003149136434914985,235.37341559582848,1252.3028144039492
0.12672275233351665,0.0031477734775987565,235.4739590600944,1198.6691797547314
0.11960247232889516,0.003146415730974104,235.57418521483837,1132.6704017632917
0.11147725979040711,0.003145063333797363,235.67410212741507,1057.6971403632595
0.10253230622869795,0.0031437162494370122,235.773717611357,975.6171791766881
0.09289494420707743,0.0031423742536811497,235.87303915257186,887.5081922839606
0.08272379023431713,0.0031410371075316556,235.97207413663725,794.5194159142036
0.07226292319292421,0.0031397046663055803,236.07083003858028,698.4663087448259
0.06188436167359166,0.003138376879406368,236.16931444593683,602.259370225384
0.05207039375350175,0.0031370537767671813,236.2675348917008,509.9528765036354
0.04330885029445052,0.003135735353966288,236.36549856055396,426.00608583604355
0.0359585961886467,0.003134421483167969,236.46321214382982,354.0895677539917
0.030161835223248976,0.0031331120133861706,236.56068191511437,296.15390538855866
0.025853083999824902,0.003131806847255356,236.65791378691878,252.20730835330332
0.022835849616790527,0.003130505904094264,236.75491329306809,220.80487148944607
0.020862464578168708,0.003129209092174114,236.85168561007993,199.7896076288984
0.019683834689999548,0.003127916310248977,236.94823568176943,186.85002206553668
0.019069512024505443,0.0031266274559967554,237.04456842982006,179.79222582411091
0.01881278238445673,0.003125342434831687,237.14068896453,176.62624191638383
0.018732993932744774,0.0031240611641104236,237.23660269572602,175.59382257109212
0.018679669216587515,0.003122783571182336,237.33231530653268,175.20289930548122
0.018537541600003617,0.0031215095880091845,237.42783263264607,174.27456682278316
0.01822969031054383,0.0031202391458134333,237.52316051789742,171.98022270607194
0.01771643632091974,0.0031189721720464828,237.61830469416833,167.84460974343537
0.016989487211872392,0.0031177085908067016,237.71327069917854,161.70447019007028
0.016063586153035672,0.00311644832528727,237.8080638236741,153.63616379233935
0.014969361742082667,0.0031151913004506785,237.90268907112656,143.8840442709929
0.01374875880288033,0.0031139374456256863,237.99715111153742,132.8107559604644
0.012451845179761814,0.0031126866970412935,238.09145421285456,120.86465647491184
0.011133952113796492,0.00311143900053802,238.18560213482837,108.55269638809591
0.009852128674444993,0.00311019431445839,238.27959796899282,96.40959831729981
0.008659578062719527,0.003108952612275297,238.37344391091725,84.95149295263049
0.007598231981368204,0.0031077138844843566,238.46714096713885,74.61031283163643
0.006692355470352021,0.003106478139540915,238.56068863818146,65.6684847383364
0.005947007195878955,0.0031052454038347213,238.65408467647578,58.22888387394389
0.005352163428276572,0.003104015720550223,238.74732505513273,52.23803790159289
0.004889455694593199,0.003102789146931254,238.84040425014373,47.544210542447864
0.004537927875486673,0.003101565748878968,238.933315834993,43.95591665610871
0.004277309514421962,0.003100345593029805,239.02605327176715,41.27997796833927
0.0040891539234272955,0.0030991287384203054,239.1186107220715,39.33777707140994
0.003956812893522386,0.0030979152297450764,239.21098371219136,37.96774290828154
0.0038651002053238705,0.0030967050932394075,239.30316954059418,37.02269623099372
0.0038001407828706815,0.003095498335528706,239.3951673808991,36.36779074207393
0.003749533494143191,0.0030942949453593234,239.48697809687232,35.88125897184935
0.0037027244920083925,0.0030930948976861986,239.57860384109696,35.45753560860608
0.0036514280962868994,0.0030918981591563175,239.67004753987277,35.01129675324759
0.0035899566304394997,0.0030907046938756914,239.76131236389725,34.48100077470636
0.003515356916291761,0.0030895144685270095,239.8524012570646,33.83084916645517
0.003427302999853338,0.003088327456197639,239.94331656311175,33.05052559046731
0.0033277529529023298,0.0030871436385591566,240.03405976456764,32.152619920336356
0.003220427078898979,0.00308596300625039,240.12463133542164,31.168149125251997
0.0031101813447152846,0.0030847855575878843,240.21503070612883,30.140848821344726
0.0030023554343740627,0.0030836112959935686,240.30525634263932,29.120979690526333
0.002902182441889772,0.0030824402267324753,240.39530594203475,28.159464266739903
0.0028143343896567677,0.0030812723536467793,240.48517674010884,27.303118272358773
0.0027426438126314633,0.0030801076764279058,240.57486591123273,26.591469125555417
0.0026899955215607357,0.0030789461886747303,240.6643710230374,26.055239867151553
0.0026583430241267397,0.0030777878766305067,240.7536904961341,25.71616692468949
0.002648777833404714,0.0030766327182818695,240.84282401784435,25.58752755406597
0.002661592443126544,0.003075480682234879,240.93177286849848,25.67475368202949
0.002696315283111245,0.003074331725825185,241.02054013211998,25.97581602733124
0.002751729597774869,0.0030731857924183093,241.10913077591385,26.481409036951906
0.0028259065878657183,0.003072042808557723,241.19755159443767,27.1751891915963
0.002916284031820059,0.0030709026820950917,241.28581102628763,28.03437626540932
0.003019812254280549,0.00306976530229071,241.37391886457343,29.03096073974542
0.003133179087726809,0.003068630542154345,241.46188589559404,30.133661069520233
0.00325310622521577,0.0030674982625431635,241.54972350931254,31.310616995768797
0.003376670945375615,0.0030663683171364142,241.63744332758694,32.532483378872286
0.0035015693861816955,0.003065240557353249,241.72505689064923,33.775202910770474
0.003626251682337335,0.0030641148363846427,241.81257542887877,35.02170884117466
0.003749908627695186,0.0030629910119462167,241.90000972692894,36.26221307694125
0.0038722856897314057,0.003061868947983572,241.98737006918037,37.492877318433955
0.003993316559764941,0.0030607485155392145,242.0746662473973,38.71271540790543
0.004112684612310819,0.0030596295927499025,242.16190760683156,39.919430600996016
0.004229502402068981,0.003058512064166948,242.24910310225005,41.10587317602625
0.004342217199015634,0.00305739581994131,242.336261338445,42.25847635046169
0.004448699164371955,0.003056280755337325,242.42339058353824,43.35765892423415
0.004546414254482657,0.003055166770647221,242.51049875824788,44.37932517847455
0.0046326253140849165,0.003054053771356921,242.59759341075684,45.29677071680902
0.00470460298806425,0.0030529416684323173,242.68468168583487,46.08272999779187
0.004759841473247357,0.0030518303786291603,242.77177029390938,46.7114920456841
0.004796305044122125,0.0030507198246845003,242.8588654831088,47.16124909469083
0.004812757959433618,0.0030496099352398487,242.94597301480226,47.41713855906473
0.004809165151073159,0.0030485006444881196,243.0330981422382,47.47507333269128
0.004787024885586657,0.0030473918916580074,243.12024559501654,47.34532918828378
0.004749476654218452,0.0030462836203730553,243.20741957738468,47.054312720259176
0.00470114535203663,0.0030451757778359005,243.294623790221,46.64375861357531
0.0046477905678993766,0.0030440683138448286,243.38186148434625,46.16777280172749
0.004595868819837373,0.003042961179718748,243.46913554981583,45.688711548837766
0.004552107004782339,0.0030418543272603383,243.55644864302977,45.27290903147445
0.00452313423225348,0.0030407477079468265,243.6438033502886,44.986869595692625
0.004515165978305091,0.003039641272455947,243.73120238266478,44.89399723847107
0.004533710753699849,0.0030385349703991767,243.81864879177567,45.05161334752902
0.004583255662258526,0.003037428749929476,243.90614618894202,45.50786247424042
0.004666895016850855,0.0030363225567773705,243.993698943352,46.298115008046686
0.004785954049714499,0.003035216332328282,244.08131233010116,47.44112298631471
0.004939742522423704,0.003034110010964862,244.16899259785757,48.93608673367355
0.005125515578516206,0.0030330035177661948,244.2567469348015,50.7616294991386
0.005338594790811711,0.003031896767787425,244.34458333355786,52.87654567700446
0.005572551793186642,0.0030307896672775677,244.43251038101414,55.22143674311314
0.0058193971463864095,0.003029682116265676,244.52053701344119,57.72052823541463
0.006069821990624935,0.0030285740116264563,244.60867227623635,60.2838615888932
0.006313577321679401,0.0030274652499872423,244.69692511532006,62.8106702855654
0.006539996900889869,0.0030263557301545793,244.78530421359682,65.19425325867438
0.0067386478577551555,0.0030252453548782338,244.87381787558553,67.32820215386592
0.00690017005870833,0.00302413403189423,244.96247395506433,69.11437932010746
0.007017344133960801,0.0030230216743550357,245.05127981550908,70.47317933873155
0.007086175673832757,0.003021908200923222,245.14024231323842,71.35466445956078
0.007106472223614034,0.003020793535751538,245.22936779744185,71.74603911090296
0.007081519918791078,0.003019677608363305,245.31866212623038,71.67089181199748
0.007017059412508221,0.003018560353477566,245.40813069796238,71.18054732860102
0.006920111620982226,0.0030174417107930837,245.49777849277146,70.34239526230279
0.006797993754031724,0.003016321624714519,245.58761011739642,69.22939499115566
0.006657573887288158,0.0030152000440756993,245.67762984909191,67.91194027764895
0.00650472961432997,0.003014076921914241,245.7678416772399,66.45185124196874
0.006343993678706261,0.0030129522153076772,245.8582493419779,64.89826933976721
0.006178412625120119,0.0030118258852208945,245.94885636827428,63.28562045987079
0.006009650872080248,0.003010697896333493,246.0396660921502,61.63399782864446
0.00583831731551051,0.0030095682168947277,246.13068167465988,59.95190736988962
0.00566443766550852,0.0030084368186230792,246.22190610002932,58.24072728303465
0.005487994170327759,0.003007303676462611,246.31334215675002,56.50006926556461
0.005309489983070826,0.003006168767821189,246.40499240341157,54.73351056817271
0.005130434325009566,0.003005032071281307,246.49685912428927,52.95383605823705
0.004953509337162082,0.0030038935655112863,246.58894428530147,51.18567703606032
0.004782342377019244,0.0030027532286870605,246.68124950856654,49.46418461298106
0.004621180599620075,0.0030016110374094674,246.77377608420798,47.83180978955359
0.004474685196692966,0.003000466964740307,246.86652502904204,46.33586885500205
0.0043477191372298715,0.0029993209786526413,246.9594971988934,45.02648006429661
0.004245022486341849,0.0029981730420142374,247.05269346520467,43.9535225221442
0.00417082096086022,0.0029970231143603182,247.14611496041442,43.162717861971124
0.004128451460221297,0.0029958711544542066,247.2397633800251,42.691662057940974
0.0041200528592475775,0.0029947171218488926,247.33364130944278,42.566411990338324
0.004146340585789782,0.0029935609761159152,247.4277525276196,42.79888510212893
0.004206470671723045,0.002992402673667784,247.52210223438433,43.385162070431534
0.0042979961901830205,0.0029912421630326645,247.61669715861774,44.30473233261579
0.004416918800306626,0.0029900793798455956,247.7115455266958,45.52071792513416
0.004557823308130038,0.002988914243367295,247.8066568970237,46.9809999400615
0.004714080283368973,0.0029877466562101196,247.90204189089872,48.62009613169632
0.004878129484135995,0.0029865765069773923,247.9977118670106,50.36184940017697
0.005041887893544197,0.0029854036739751302,248.09367858925268,52.123319596669425
0.005197306145335627,0.00298422802931922,248.18995392448556,53.82020921488194
0.005337044160210088,0.0029830494433761754,248.2865495922781,55.37366225342832
0.005455202975167535,0.0029818677880131097,248.38347697955433,56.717852490785766
0.005548045213773072,0.0029806829379130074,248.480747020544,57.8076572241339
0.005614653182947499,0.002979494771088983,248.57837013193662,58.625834496107046
0.005657481326290308,0.0029783031683775977,248.67635619720275,59.189233865310044
0.0056827775962225175,0.002977108011464282,248.77471459842207,59.55371675560694
0.005700860937316879,0.0029759091809959397,248.8734542936243,59.817618151665336
0.005726145496758822,0.0029747065551255867,248.97258395059956,60.12286672813743
0.005776703881268612,0.0029735000090109136,249.07211215782561,60.65176691736565
0.0058732506638545035,0.002972289417962391,249.17204772388084,61.61785773898549
0.006037651786584769,0.0029710746622405547,249.2724000651557,63.25135887355394
0.006291227586138208,0.0029698556278391674,249.37317964353574,65.78166635675778
0.0066530783819541564,0.002968632201453391,249.47439835869744,69.41948078485053
0.007138465055554746,0.0029674042602936507,249.57606978472282,74.33941468611629
0.007757074316523087,0.0029661716620072312,249.67820915849256,80.66172697850213
0.00851102759356849,0.0029649342422682244,249.78083309301323,88.4315032186279
0.009392866452328754,0.002963691818764593,249.8839591007794,97.5967373225224
0.010384057901403676,0.002962444198533468,249.9876050574715,107.99044701519553
0.011454093267239177,0.002961191186333302,250.09178874605723,119.31910787064126
0.012560647094900691,0.0029599325905269596,250.1965275705924,131.16098803464558
0.01364934480603028,0.002958668227760569,250.3018384316305,142.96471275179337
0.014655089738346404,0.0029573979217821064,250.40773773515997,154.05801327776723
0.015499172535181759,0.0029561215090999743,250.5142414568473,163.62919789033072
0.01608679021225841,0.002954838827065654,250.6213652255513,170.6956514691359
0.01631362639992134,0.002953549750592349,250.72912438825406,174.1499848248032
0.015970168383242115,0.002952254127157555,250.83753396960236,172.02076741736087
0.015038476569230293,0.0029509519139755873,250.94660874093194,163.50513372336079
0.01223281551479522,0.0029496435478396227,251.0563625845942,138.39894131181137
0.010292569276750239,0.0029483272900766868,251.16680912914288,114.20021608320974
-0.004153059629284524,0.0029470027622245567,251.27795450589002,-5.9397710115738
-0.009696141060257426,0.0029456783159930353,251.38982455998246,-98.46678862890909
-0.010049308615236665,0.0029443412856470642,251.5023877601842,-107.93619934034429
-0.009674229520862063,0.002942996172580961,251.61566836607227,-105.46336686647756
0.0048241272900437825,0.002941642219339782,251.72968437774952,12.969165888321475
0.011429438002118493,0.0029402878306047753,251.84447013676981,114.97981667628035
0.016006896106389185,0.0029389202444798754,251.959994413231,162.06162504490865
0.020427870039859512,0.002937543248642963,252.07628005148416,211.97370049067888
0.02506738523010374,0.002936158589032123,252.1933673709306,261.3612206305372
0.03003120853182713,0.002934765307896866,252.31128063203883,315.0237677336593
0.035266814476355705,0.0029333632336279412,252.4300437764878,371.6259156001804
0.04065758027156297,0.0029319521330722414,252.54968046366898,430.3592140766597
0.04610889826773304,0.0029305317776366366,252.67021472131808,489.96581239142535
0.05155418684756387,0.0029291019451178025,252.7916711135285,549.6793098070108
0.05695678595702757,0.0029276623931564095,252.91407481576076,608.985151409576
0.06229139820933635,0.002926212872092891,253.03745164440525,667.5619368597389
0.0675223084596941,0.0029247531177587958,253.16182806511407,725.0080094077778
0.07258070465726384,0.002923282862288024,253.28723118917168,780.6068329593643
0.07735291945320062,0.002921801825012389,253.41368875916106,833.1669658556359
0.08168923238109063,0.002920309682646979,253.54122912802148,881.080829093708
0.08543659600865859,0.002918806026783423,253.66988136639594,922.6463915413835
0.08849023736530569,0.0029172903588886483,253.79967566612143,956.6133523938676
0.09084425362959822,0.002915762237496763,253.9306441206993,982.754225642085
0.09260975522905107,0.0029142214144731696,254.06282128966618,1002.1157521159481
0.09398514021350436,0.0029126676947571497,254.19624392246828,1016.753835204002
0.09519543805775404,0.002911100793610736,254.33095030721424,1029.107668063068
0.09643387895581206,0.0029095203497998463,254.46697988909284,1041.3520763515908
0.09782239141452115,0.0029079259637978454,254.60437310836417,1054.9389644301298
0.09939175075665442,0.0029063172165019234,254.74317135992501,1070.3555965592402
0.1010792492596417,0.0029046936725607747,254.8834169572299,1087.0758155292092
0.10274259207201838,0.002903054860953876,255.02515313608643,1103.6894915307446
0.10418978911417588,0.0029014002350850623,255.16842417230873,1118.2070147516274
0.10522563548353381,0.002899729130007678,255.31327580668722,1128.5424776491227
0.10571415757979213,0.0028980407935678895,255.4597562451033,1133.164933001493
0.10564258069571385,0.0028963346156231124,255.60791761652268,1131.776754720926
0.10515178186250444,0.0028946102562283044,255.75781669055536,1125.6722867260157
0.10450440691206932,0.002892867384617183,255.90951395964944,1117.4792493107323
0.10400713473822794,0.0028911054969275565,256.0630723209124,1110.3988207719522
0.1039339691660366,0.002889323969555142,256.21855643003994,1107.3877661533222
0.10447191365968658,0.002887522130956971,256.37603255659724,1110.5547466841024
0.10568616788389916,0.0028856993076811213,256.5355686037516,1120.7682630814495
0.10750224635068817,0.0028838548428297777,256.69723403332256,1137.440427642657
0.10970655794101646,0.0028819880859014277,256.86109956288703,1158.5016595788288
0.11196991843067072,0.002880098345552738,257.027236677455,1180.6165391112443
0.11390066306650773,0.0028781847923423955,257.1957172741469,1199.7139251435244
0.11512811516873571,0.002876246317616994,257.36661417086316,1211.8499978738093
0.11539312400513348,0.0028742816455059276,257.5400036158517,1214.1878045807123
0.11459180220335202,0.002872289859737288,257.71596922108336,1205.5350564488267
0.11274958340059954,0.0028702704286927417,257.89460329467823,1186.1189660132645
0.10989674455821032,0.0028682226889981863,258.0760046378789,1156.4167624513796
0.1059197333704648,0.0028661457048489423,258.2602764088857,1115.6366087198498
0.10021491745940508,0.0028640382183079158,258.4475255276851,1058.6032127308108
0.09182066075303853,0.0028618989282154063,258.63786411297497,976.1087406291595
0.07898440134760967,0.002859726286865638,258.83141155116806,851.9547669704934
0.059380820290711206,0.0028575198429042236,259.02829714531003,663.4744635091366
0.039929131754113674,0.0028552769457764644,259.22865561673217,459.4539529105058
-0.011951483737957498,0.0028529962558066597,259.4326375779434,7.865633029184908
-0.041686101921327115,0.0028506855245282914,259.6404095809373,-385.9818108572398
-0.0651186802308069,0.002848326283503948,259.85204080353003,-628.5944823944177
-0.08410525941537043,0.0028459246072570126,260.067761337708,-845.7386872522397
-0.10063360880506078,0.0028434817118952295,260.28780467980187,-1022.8181836613694
-0.11621055800873344,0.0028409945106651286,260.51238453063627,-1188.4796594722852
-0.1311817517096631,0.0028384611624732584,260.741707533652,-1344.7527816281636
-0.14514945036711643,0.0028358790502755167,260.97596846839116,-1488.7015606446498
-0.15772066117210765,0.0028332457086472146,261.2153570276825,-1614.9266293227101
-0.16870938854699247,0.0028305601104884363,261.4600658424388,-1721.1587332874153
-0.17790661965883134,0.0028278218702339785,261.71027861403456,-1805.6603135955745
-0.18487157095294984,0.0028250302491461417,261.96614557921754,-1865.0089957746143
-0.18893368823446402,0.0028221850746342927,262.2277584659344,-1894.0079698788243
-0.1895588552281997,0.002819283329748808,262.49513936550005,-1888.9432059951641
-0.18634280427716074,0.0028163202105721294,262.7682810761416,-1847.8055921541268
-0.17876507370510922,0.002813294134074143,263.04723946576894,-1767.8661770535712
-0.16649686134541308,0.002810205497346732,263.3321749650687,-1647.4748861185085
-0.1499366850441292,0.002807052946049418,263.6233450230605,-1490.2817305834978
-0.13046274936971292,0.0028038374079965294,263.9210879992088,-1307.0177860992699
-0.1101711651314685,0.00280055788025998,264.225747479651,-1113.9532044742707
-0.09062970388108466,0.0027972092432181745,264.5376158054732,-925.3587599511098
-0.07246140041466895,0.002793786659497417,264.85698546676434,-748.3725339130415
-0.05615373024247079,0.0027902873262185615,265.1842045521225,-587.2546499182033
-0.042978590723961256,0.0027867082873732473,265.51967870147166,-452.04329327831823
-0.030372943570091453,0.0027830462825629817,265.86385573999945,-329.70064242438485
-0.02227156350183167,0.0027792952933408527,266.2172160975185,-236.9865025842414
0.00263302787999103,0.002775451267758111,266.5802861458239,-46.609082709878415
0.012515856811559185,0.0027715164210216996,266.95367234779246,110.46221418414723
0.014824920349360749,0.0027674769909651286,267.33734322471935,141.04211206858977
0.015432953141150018,0.00276333307750636,267.73208622166527,152.61338620056497
0.014755539270024353,0.0027590762353920796,268.1388298403739,148.69552726702415
0.013770349051069997,0.00275469864038425,268.55841050296215,139.67151886788332
0.012716415864337445,0.0027501922382041476,268.99171493972847,129.5541940360763
0.01175322302169316,0.0027455482695242324,269.4397116239386,119.88350260928026
0.010949724915789933,0.0027407573201883623,269.90345587105327,111.6659798998166
0.009930805438131907,0.0027358097767674395,270.3841086819504,102.39317550304725
0.0100305752137912,0.0027306907992428143,270.8829728896169,100.07911443138002
0.002092044683256697,0.002725397525353671,271.40132617599824,44.999469808636086
-0.0087584571220044,0.0027198948601489686,271.9413944257145,-62.067977844979076
-0.011362505331873402,0.0027142062798301736,272.5033283465683,-113.16435047387537
-0.012081384490542567,0.0027082808434907356,273.0901791379426,-120.51043031695541
-0.013046234496485523,0.0027021083426247675,273.70421226807736,-130.53455640056026
-0.01418265574349126,0.002695661743120694,274.3484455280619,-141.84904814069927
-0.01572698936244555,0.0026889110486189934,275.0263172815802,-156.94898740859392
-0.01753715580420056,0.0026818206575942604,275.7419121555131,-175.33951340812692
-0.01938407260497445,0.002674347726718817,276.50015799648855,-194.7402521526199
-0.01809963970377974,0.0026664416535214304,277.3069959576666,-191.0277970199023
-0.0159313030279788,0.002658038494301448,278.1697105875861,-169.4825692360943
0.011571452521513592,0.002649064450096189,279.0968423776198,41.547352958861964
0.02525810571085999,0.0026394317025964387,280.0998242682146,241.38924959024135
0.03286302081960526,0.0026290353715614145,281.189676787743,323.09750065566055
0.041515123298201756,0.0026177342814644178,282.38381810284955,412.25508131195494
0.052204484782019965,0.002605329183124377,283.70633440136237,519.3899602706434
0.06654103108638372,0.0025915454181254295,285.190493043124,661.963321585256
0.0853555443491461,0.002575992418893282,286.8840850811471,851.2555712976158
0.10870489590558377,0.0025580956733587206,288.85825624095554,1090.3290712084925
0.1352813780194981,0.002536976579747419,291.2236268860471,1367.7787099824027
0.16204799848924661,0.0025112413929811363,294.1599697252063,1650.319072885412
0.184760174014524,0.0024786861280852454,297.9621765167355,1887.2653676062373
0.19992609231262953,0.0024361242130611473,303.08501618082295,2036.4344563686907
0.20177783940942745,0.0023793227658735244,310.20421733116467,2048.50475087403
0.18675956377439942,0.0023033330038476968,320.2739324249532,1903.97416282661
0.16313668956113897,0.0022051262107153687,334.30894621646894,1676.8933569042256
0.13576167661380575,0.002086133543425692,353.0718533244112,1415.1679041612592
0.10723774919813972,0.0019526635885470927,376.8045955442929,1140.8904051092602
0.07582489394631836,0.0018133001525481426,405.22856153703725,839.641021260135
0.046788909095678434,0.001673793982373472,438.2476372591143,544.2414422391105
0.009880306915418007,0.0015369913541704754,476.157684847549,187.63906028675288
-0.03295653288066969,0.001408667539196365,518.1279459517871,-255.1802512918627
-0.05822617107846614,0.0013013344047046328,559.3861781767831,-582.456854953621
-0.07337233934758446,0.0012153989550197184,597.5896550544237,-773.0736023310096
-0.08093724108272211,0.0011445220673608903,633.3727228458739,-885.4771561069101
-0.08363200552383303,0.0010856223608629169,666.6255985956399,-938.4755626201701
-0.0830115985672261,0.001036218550174785,697.3866655254124,-953.5256763938993
-0.08004083294556477,0.0009942524780596033,725.867266925544,-940.1644464041032
-0.07522004091846776,0.0009580244662294764,752.40767900288,-903.9508514163427
-0.06889430870841427,0.0009261803113929852,777.3978704468105,-847.7148188827928
-0.06138805571996155,0.0008976623823704961,801.2295740694004,-774.1068987668773
-0.05306881511427691,0.0008716577214383732,824.267395565687,-686.4035420934528
-0.04436462236188872,0.000847552309406872,846.8320752215482,-589.0117754284892
-0.03574152983628615,0.0008248994851305141,869.1849311375229,-487.381648357427
-0.02760716230893033,0.0008034071245002784,891.5024316160805,-386.9443993343377
-0.020197610851281057,0.0007829506944789103,913.82492816088,-291.46718390013694
-0.013539593116630203,0.0007636202245163366,935.9592574739594,-202.10902426998985
-0.007540321372657666,0.000745787011487094,957.3392700949354,-118.1969783656794
-0.0022061192748271626,0.0007300121549733387,977.068452065218,-40.11715951673726
0.0017610691188912194,0.0007163653101934492,994.7912577669923,21.927564374376647
0.004078361516097332,0.0007042860527675633,1011.0163153377547,61.139749235709694
0.005028453705808239,0.0006932926628927992,1026.2454137127825,79.5936995521082
0.005009909585933835,0.0006831028355927383,1040.773565914458,82.3235804023568
0.004368649064827562,0.0006735643600621308,1054.7480361060318,74.16032639550116
0.0033718993640344053,0.0006645936376755056,1068.235083947458,59.0904621108635
0.0022303697162458585,0.0006561366036683753,1081.2673357536514,40.46456320479511
0.0011168178131782404,0.0006481439384615167,1093.8777118973726,21.253469563273704
0.00016439044760662783,0.000640559594467768,1106.1172091066223,3.9784408800562607
-0.0005461674323305361,0.0006333221474838006,1118.0536628560722,-9.593484763625874
-0.0009896860752557838,0.0006263721204649274,1129.7599780853102,-18.628625165685307
-0.00118474959284174,0.0006196575881433481,1141.3038828251154,-23.122840971105774
-0.0011758753590041698,0.0006131357177361191,1152.743832104428,-23.63805108468131
-0.001018209258737612,0.0006067715398823997,1164.1296737252765,-21.03942617681132
-0.0007673287948463044,0.0006005356644858128,1175.5055499375542,-16.300626686342174
-0.0004731412778494985,0.0005944020135392032,1186.9132615094227,-10.372501491189327
-0.00017658156500234958,0.0005883460738144009,1198.3951276646692,-4.098223676520231
9.185429146271648e-05,0.0005823437971161447,1209.9959742858018,1.8389073739081716
0.0003121549470320336,0.0005763710337410882,1221.7643299426827,6.939517512594507
0.00047357130885369554,0.0005704032650846717,1233.7531835013044,10.883366974456038
0.0005728644312500571,0.0005644153991969324,1246.0207286265809,13.508584295546202
0.0006124079216723808,0.0005583814583105936,1258.6314560293208,14.782842956147684
0.0005980711601637216,0.0005522740569783377,1271.6578660614166,14.764369974262033
0.0005372485364537029,0.000546063613046976,1285.183027971057,13.560621242732111
0.000437322303949482,0.0005397172382286974,1299.3042492928519,11.292428595902104
0.00030467474328400553,0.0005331972192235071,1314.138264048818,8.06804955436976
0.00014442251232878837,0.0005264589229071599,1329.8286351478423,3.9733845199832882
-3.92678525423169e-05,0.0005194478260576378,1346.5565744068933,-0.9227924823943383
-0.00024241964342315315,0.0005120951490598686,1364.55727556469,-6.550378577334772
-0.00046036194865270403,0.0005043111848030542,1384.1454954943003,-12.813510017187516
-0.0006870961892875903,0.0004959746833715419,1405.7573192265527,-19.570294273920215
-0.0009147685711996514,0.0004869151743570825,1430.0217347536734,-26.613691669471056
-0.0011329449724547201,0.00047688193098298235,1457.8906179809187,-33.644890420119246
-0.0013280106441793229,0.0004654860354341583,1490.891866535511,-40.24749058412349
-0.0014830425675608524,0.0004520833317702226,1531.6690446396155,-45.87344872229565
-0.001578865415082421,0.0004354852251107153,1585.370262410838,-49.86430409704171
-0.001590222504816055,0.00041212830226134003,1667.6747961058663,-51.32474295086431
