n,xi,v,beta,omega_z
1.470294360818682,-0.024407834184072736,37.34040489248287,-8.092498328742402e-05,0.00041854567381896567
1.396922747639858,-0.02435732870289158,37.65465128133917,-6.006189165627394e-05,0.00021187553484005404
1.3237550884216964,-0.024312916457563807,37.966297492571854,-3.964229247362931e-05,1.3078591931029392e-05
1.2507740596746262,-0.024273220375164457,38.2754069812365,-1.9542721419335806e-05,-0.00017892437225844286
1.1779659510987879,-0.02423743364153347,38.58100693788628,3.29865550792894e-07,-0.000365035271111172
1.1053192048393046,-0.02420527856461744,38.88119566328959,2.0215338731587896e-05,-0.0005535751829008099
1.0328233020614295,-0.0241770702358332,39.17618488391345,4.058640332705165e-05,-0.000751617079373398
0.9604676015115087,-0.0241536131817587,39.4661732882712,6.200490612444446e-05,-0.0009652645153109383
0.888240127761592,-0.024136155436010914,39.75134760363288,8.507283278370003e-05,-0.0012005319955105415
0.8161263441314298,-0.024126409868982852,40.03188356233486,0.00011044159785253619,-0.0014642059886102495
0.7441078435781479,-0.024126646240668362,40.30794676866221,0.00013885862423020876,-0.0017648586731768361
0.6721608285612928,-0.024139867846055665,40.5796934768028,0.00017124657773123263,-0.002114135429765336
0.6002541968945883,-0.02417009371507624,40.84727128783317,0.00020881811977949241,-0.002528408425863843
0.5283469952274015,-0.024222770855563784,41.11081977071934,0.00025323169683123093,-0.0030308348237848897
0.45638494586228345,-0.024305338595149748,41.370471008437534,0.0003067922973466843,-0.003653760783101913
0.38429570536532515,-0.024427955481619145,41.62635006487784,0.00037269480485270176,-0.004441261709225866
0.31198249211777934,-0.024604375158109325,41.878575360376566,0.0004552958904540652,-0.005451405702163837
0.23931574906328462,-0.024852918800928204,42.12725893285184,0.0005603831445045389,-0.006757588647299719
0.16612261683582832,-0.02519743807392079,42.37250654784071,0.0006953883764631189,-0.008448056366956416
0.09217421116009872,-0.02566809767401387,42.614417606997826,0.0008694684827077521,-0.010622560837083546
0.01717105121821781,-0.026301737850392748,42.85308479840733,0.0010933563838658642,-0.013385052735306407
-0.05927251584006809,-0.02714151554818281,43.088593448346,0.00137887154312649,-0.016831442688804425
-0.13764341478271175,-0.02823548299786853,43.321020595908045,0.001737980508304862,-0.021031847843647863
-0.218539879796423,-0.029632185287776593,43.550433919041836,0.0021813206189524913,-0.026007523010467663
-0.30264222739022034,-0.031355448182023515,43.77689042051684,0.0027161538912650234,-0.03170402555010067
-0.39059991135041766,-0.033369454013218704,44.00043500902373,0.003343815543769311,-0.037964198984163644
-0.4829057258804392,-0.035599605202885895,44.22110171666841,0.00405688145523558,-0.04450725443092948
-0.5798909963456782,-0.03798623779534334,44.43891990042374,0.004836493951954898,-0.050923066783210395
-0.6818047527328499,-0.04048246201883094,44.65392303877256,0.005650529910660522,-0.05669273640208322
-0.7888379196605355,-0.04301840317404997,44.866157869364,0.00645356822077866,-0.06124605855274416
-0.9010715639114132,-0.04548945319117653,45.07569300115259,0.007189809672045415,-0.06406110428599553
-1.0184058717277986,-0.04776497672314445,45.28262363221879,0.007799890622827934,-0.0647949745406364
-1.140501061501207,-0.04970470389703548,45.48706816675751,0.00823114448617361,-0.06339170778549341
-1.2667393152605988,-0.05119596657996214,45.68120688175017,0.008465744719412955,-0.0605478781453907
-1.3962552096216374,-0.052299466847366034,45.82001776711325,0.008624757529140955,-0.060186309099924444
-1.5280696107325666,-0.05314583781070787,45.87564891506091,0.008854810704238531,-0.06133832042631385
-1.661206775273962,-0.05377465052137721,45.836451305595155,0.00918486203446232,-0.062299457909584535
-1.7947496027759025,-0.054157563324723504,45.70647303088132,0.00956317424766495,-0.06245478101770081
-1.9278613290784619,-0.05424665543417688,45.50560126961673,0.009913809919531532,-0.06171136617065613
-2.0597947350331918,-0.053985830949566646,45.27025817930427,0.010150660283137363,-0.0599679862453882
-2.189873278071954,-0.05334354473674549,45.03405704174774,0.010223944151273952,-0.058055525749661954
-2.3174190087489146,-0.05237567099757434,44.797015913358365,0.0102020341730865,-0.05775808636644575
-2.441717794990817,-0.05115323083622622,44.55913980675462,0.010167412647578753,-0.0581947543380012
-2.5620417627139,-0.04969773154303623,44.32042340082886,0.010143710791761537,-0.05866617116676111
-2.6776668576397573,-0.048006660921456605,44.080856604371554,0.010126540220964845,-0.0590286827811888
-2.787876846247514,-0.046076101938535084,43.840428148515365,0.010109923138783727,-0.05934307611693767
-2.8919623620086825,-0.04390586888840656,43.599126035334166,0.01009208903121086,-0.05965934252836812
-2.9892205939296224,-0.0414979487124708,43.35693694277526,0.010073299079511919,-0.059987975205111954
-3.078979134548801,-0.03886935661628113,43.113842184660676,0.010053943583813542,-0.06032507853477128
-3.160698493785264,-0.03608891972349777,42.869807404295194,0.010034126644225786,-0.06066749211307107
-3.2341193853352985,-0.03327366653753842,42.62478183492144,0.01001381403057374,-0.061014717147181596
-3.299289827533014,-0.030515663733764183,42.378717200016204,0.00999296147359005,-0.061367186513990445
-3.3564340203245298,-0.02784550843567569,42.13157942995042,0.009971542320126125,-0.06172527256909314
-3.405822844138047,-0.02526594901859415,41.883341357100306,0.0099495379915235,-0.06208918601605332
-3.447731305756132,-0.022777572422707146,41.63397613804527,0.009926929891522957,-0.06245908804139962
-3.4824355988472306,-0.02038099044310794,41.38345664538647,0.00990369761788937,-0.06283514701394335
-3.5102132661881145,-0.018076842396334714,41.13175543835351,0.009879819311444873,-0.06321754460167885
-3.5313433640467378,-0.015865797664157685,40.87884473228832,0.009855271864000285,-0.0636064672872353
-3.5461066290872694,-0.013748557991147074,40.624696366863375,0.00983003076856818,-0.06400210481132763
-3.5547856486480405,-0.01172586050956171,40.36928177261526,0.009804070285782136,-0.06440466643956194
-3.5576650339746054,-0.009798479251274665,40.11257193667764,0.009777362947485163,-0.06481433425466719
-3.5550315980683904,-0.007967229490542769,39.85453736575817,0.009749879917173198,-0.06523135587506876
-3.5471745411753437,-0.006232974169618976,39.595148047697,0.009721593360996254,-0.06565602809764853
-3.534385641916662,-0.0045966244038077924,39.334373412618476,0.009692474837243578,-0.06608857170247155
-3.516959453372659,-0.0030591406523327595,39.07218229117109,0.009662492764640476,-0.0665292252949702
-3.4951935055777197,-0.0016215369370294217,38.80854287119907,0.009631613286468374,-0.06697825146263169
-3.4693885148473456,-0.00028488498821997043,38.54342265214845,0.009599800780275274,-0.06743592776040401
-3.4398486009411062,0.0009496818486514905,38.27678839703971,0.00956701782574229,-0.06790254366135785
-3.406881512937015,0.0020809645990687103,38.00860608188794,0.009533225034162119,-0.06837840126955513
-3.3707988646227727,0.003107694391534064,37.73884084238576,0.009498380889877105,-0.06886381655104483
-3.331916380251659,0.004028527912273937,37.46745691762088,0.009462441602277327,-0.06935912034407571
-3.2905541515861954,0.004842042572709422,37.19441759057732,0.009425360949768891,-0.06986465930292232
-3.2470437286885474,0.005542002809397271,36.91968371506416,0.009387089983103381,-0.07038079946391991
-3.201779596886305,0.0060916056443078275,36.643206093839986,0.009347576083632406,-0.07090794083469738
-3.155335742054313,0.006405834049090186,36.36492067404885,0.009306761916214311,-0.07144652620882004
-3.108544562849705,0.006396697792846346,36.0847624089155,0.00926458598864338,-0.07199701919819487
-3.062435681173519,0.006022270006159937,35.80267947371449,0.009220984070988883,-0.07255988609966076
-3.0181184724231134,0.005273051142869441,35.51862861910875,0.009175889426254368,-0.07313560521598313
-2.9767236481903203,0.004145363738996665,35.232566935030206,0.009129232071374728,-0.07372467497781764
-2.9393941641999555,0.002635539639744103,34.94444982038941,0.009080937961504307,-0.07432761628378418
-2.90728512893375,0.0007398879507663054,34.65423062722739,0.009030928332118961,-0.0749449775495209
-2.8815638247702218,-0.0015453375969939572,34.36186028130925,0.008979119194308645,-0.0755773389842094
-2.863409857058203,-0.0042239720302985236,34.06728687717082,0.00892542082631333,-0.07622531486312839
-2.854015447679373,-0.007299973133047278,33.770455245381996,0.008869737091169807,-0.07688955244557873
-2.8545858905656285,-0.01077745619262169,33.47130648927931,0.008811964559838669,-0.07757073270120397
-2.866340190893511,-0.014660733532086025,33.16977748625727,0.008751993096773035,-0.07826963758656386
-2.8905119254943057,-0.01895437243288775,32.865800343972055,0.008689713453004753,-0.07898740735512871
-2.928350339696632,-0.023663224610539397,32.55930182694173,0.008625011539887692,-0.07972487576836042
-2.9811212608605135,-0.028791941864451075,32.25020295812338,0.008557549745162088,-0.08047429400122938
-3.0486975940112786,-0.03266405638817214,31.939092637831575,0.007826147575391879,-0.05353166881587903
-3.1271473428622305,-0.032741173361865356,31.626433282545523,0.005467388943767459,-0.00046365808039227794
-3.2076594846988096,-0.027473845746968584,31.31169029612046,0.0014992361357493553,0.06219945653925708
-3.2778529486976478,-0.01704041478202136,30.993274588511305,-0.003227328760752665,0.11549245004102324
-3.3251827776211282,-0.0030965172241733474,30.669844024085062,-0.007657800942155073,0.1460891921469544
-3.3401731086822277,0.012030815434284976,30.34133925108669,-0.010866397264662936,0.1503862917018034
-3.3178329013048207,0.026215866433130574,30.008716405055164,-0.012273112100035719,0.1343749020798465
-3.256386018882872,0.03950290374645612,29.67226043754162,-0.012418510367141566,0.1297002884381786
-3.1570004710128523,0.05056370818070247,29.333340014927135,-0.011496996087775595,0.10042522542871997
-3.026129722530961,0.05649281919547659,28.993196182913245,-0.00874791292441228,0.04237510373783708
-2.8768160553582933,0.05547456739433117,28.65160078234974,-0.004454053770883896,-0.02490368960447117
-2.7267611743970646,0.0479384022679137,28.306700034764624,0.00017928569273336,-0.07970361143215825
-2.5932502568215905,0.03610305349282997,27.9568738926198,0.004016087135239276,-0.10828167229304086
-2.4886157058902163,0.022818266776058048,27.60200636025793,0.006315727704463742,-0.10876270231653247
-2.4191958355269363,0.009899763232805722,27.24265848314448,0.007019511617114804,-0.09704400360638693
-2.3878504739989763,-0.0030624722890985724,26.878836171558017,0.0069637936458425195,-0.09642636346995123
-2.396573038634617,-0.016547264143437844,26.510431124622997,0.006814978035230267,-0.09767965759393483
-2.4472145054488488,-0.03063545020038578,26.13718253498502,0.006656926105017474,-0.09907535838344443
-2.54169827988125,-0.0453505073329198,25.758779554277407,0.006490608876407981,-0.10051695597068216
-2.6820538319471847,-0.06071621690668432,25.374873048514196,0.006314166721117002,-0.10202008272496506
-2.87043441625698,-0.0767598767371936,24.98507099382871,0.006126414031760304,-0.10359323165088169
-3.1091380513246363,-0.093512210116525,24.588932228303044,0.005926122236981475,-0.10524142793483465
-3.398088012408729,-0.108704965071863,24.186938023611187,0.005208702594634651,-0.08173018771811494
-3.729172908275993,-0.11811174542746067,23.77966658437412,0.0033359849164094277,-0.023302708753256064
-4.083359900577259,-0.11869487118860635,23.365852467449734,0.0005712502942252132,0.051617777934867104
-4.434499882161778,-0.11009465721888542,22.942835019390724,-0.002373653731922027,0.12156238193338947
-4.757152368167431,-0.09446991162107661,22.5089868205188,-0.004907683233058579,0.16857894422436834
-5.033143866742627,-0.0755454551313978,22.064933261231996,-0.006413938926084976,0.1835596296630677
-5.253480850696615,-0.056372888283484975,21.612023159384282,-0.006619914584227579,0.17810235975231767
-5.414411130289352,-0.036777349668908006,21.149943646039596,-0.006158870605858815,0.18089831701011913
-5.512968301362159,-0.016327281314225454,20.678175400557205,-0.005575785565120396,0.1848821772657137
-5.546025464367805,0.005139823935485542,20.19592193002688,-0.004927030623295201,0.18926227489496483
-5.509950771774912,0.02781702051681887,19.702289097008737,-0.0042107331669297005,0.19399169070071706
-5.400310702204569,0.05202211015155087,19.19633526929384,-0.003416788327017045,0.1991099659884596
-5.211559207707111,0.07815472100981413,18.67697626317544,-0.00253178885687308,0.20467645536481938
-4.936879373522409,0.106579358843131,18.142786334088772,-0.0015385368289265087,0.21076846601262858
-4.568147848171436,0.13762490896677185,17.591888379446576,-0.00041459681575119775,0.21748770634463452
-4.095777028789524,0.17166577419399665,17.021891800201136,0.0008697987931471746,0.2249700172925449
-3.5087178543232596,0.20862744546509532,16.42933375952185,0.0023561409052377394,0.2334098988484604
-2.796828493117511,0.246462812347251,15.808792559127388,0.004105928800844184,0.24310805033748376
-1.9583836097332006,0.2810615202248484,15.154394241878148,0.006206355290913217,0.25448060808702383
-1.0077385184345056,0.3090954657955047,14.463477948962133,0.008767798796851268,0.26798770409288497
0.02699713848616484,0.3297457789931789,13.737441443355197,0.011926391497343489,0.28411225336822793
1.112930628033068,0.34367092131591553,12.979850394102293,0.01586144276344554,0.30344736276926076
2.2168105227570654,0.3510942468587179,12.195540840738833,0.020818810566195427,0.32675708130675474
3.293682712032865,0.3472730583792389,11.395075384761407,0.02708788477843951,0.3545708000559624
4.260653870703603,0.3182676695472013,10.606205762806892,0.03479451572012049,0.3855823256615959
5.016684071534265,0.2508402653788258,9.866644660177371,0.04375439567484227,0.41707079976914585
5.534195702508926,0.1563523928955747,9.175213198339618,0.054371494316526964,0.45222889562271057
5.869417275772296,0.06795841729803262,8.477813455369473,0.06871232401156221,0.5012074107527612
6.0785252888934584,-0.0016720145843026806,7.893069523018028,0.0836301660154787,0.5398031114916121
6.158228406612375,-0.07646947445200944,7.798611936206218,0.08249717646627833,0.49636461746201554
6.054724795846789,-0.16798138072027663,8.757561569606723,0.061564999721132274,0.4151958882974124
5.735712847438812,-0.24475138273205302,9.687509930525145,0.047795579302941774,0.3881301578488828
5.203905549341252,-0.29083560816073883,10.640102970143577,0.03737897250787004,0.357031326405933
4.50791522692409,-0.30773641448727296,11.602887095416225,0.029211982662396673,0.33153422784504955
3.724660687217829,-0.3020878931869934,12.550858203379994,0.022879066860890328,0.3099824978417807
2.9292518523055415,-0.2828620203505582,13.462410740330078,0.01796469171107819,0.2919173738370944
2.169654267709415,-0.25954924669861906,14.326623859002932,0.01410867686894659,0.27653507124403914
1.4609935838677255,-0.23800747619860438,15.144018460605716,0.011021960950359158,0.2631749705063715
0.8008637349796717,-0.2193223836187144,15.92041140057702,0.008496638973993269,0.2513913966356877
0.18423363812037738,-0.2027520029020883,16.6614332220395,0.006392664399453656,0.24090484971862194
-0.3922609742341273,-0.18759307269963954,17.37138831033653,0.004613906889387484,0.23151092910335308
-0.9304393688305606,-0.17330027020068128,18.053604836024537,0.0030917865444356077,0.22304816453558068
-1.4309301488850816,-0.15944590628401514,18.710727189805183,0.0017758885814880359,0.21538638980135563
-1.8934427984179767,-0.1456913401764131,19.34491068486332,0.0006282210801134794,0.20841889899977106
-2.316978118281605,-0.13176588445546186,19.957955217638073,-0.000380447608529057,0.20205705267291654
-2.699991165292916,-0.1174507768489649,20.551399384626784,-0.0012730096059718821,0.19622641924552073
-3.0405873141075386,-0.10260491995936351,21.126610566443176,-0.0020676932203721548,0.19086374042350002
-3.337148091755644,-0.08738069183505072,21.68498335354021,-0.0027793657040734664,0.1859137006279459
-3.589470610629169,-0.07238372852941831,22.228122939025084,-0.0034204454225535905,0.18132654479449156
-3.799317353063177,-0.058272978915365724,22.757626352232467,-0.004001206325816964,0.17705872517519447
-3.969712028411288,-0.04530739004876009,23.274739621511618,-0.00452991861615671,0.1730740755290839
-4.103945563667523,-0.033456343140713315,23.780389890072158,-0.005013264640904871,0.16934267150422985
-4.2051454410870095,-0.022643405240094876,24.275354324261663,-0.005456778444756867,0.1658390676745707
-4.276236603987753,-0.012802102257248706,24.760316586908573,-0.005865115550740326,0.16254128153505973
-4.319969163943352,-0.0038743073906705567,25.235881799324233,-0.0062422264254253824,0.15943015690948717
-4.338941203677954,0.004191067642968407,25.702588647114993,-0.00659148540704172,0.15648887338993955
-4.335617639426574,0.011439156332565079,26.160919277481202,-0.006915795194502108,0.15370279070473472
-4.31234588897883,0.017910032073140826,26.611307463109696,-0.007217671231771565,0.1510590883874353
-4.271363256356179,0.0236433316465284,27.054142941837856,-0.00749930674948447,0.14854655044248985
-4.2147647220204245,0.02870015218285352,27.489763415088316,-0.007762016427089987,0.1461264017496375
-4.144966521535196,0.032637329778076055,27.918546367807796,-0.00785701152770547,0.13670420990811039
-4.065437210653078,0.034898794428788446,28.34094454427982,-0.007610114362608785,0.12140384974780495
-3.9808280608337427,0.03509976333990298,28.757422089330557,-0.00700997673264493,0.10224535712921669
-3.8967840765750323,0.03303661810726806,29.168351224105436,-0.006127529386962625,0.08101634358300103
-3.819469849873671,0.028935638906969124,29.485349474686977,-0.0052216810142499,0.06254750733760958
-3.7546540716820154,0.02323907329022776,29.581366873452186,-0.0044711446034518395,0.047811524503439
-3.7070831925531396,0.016192651375886557,29.42887907340317,-0.003775653161345173,0.034198221311552514
-3.6805248055535356,0.007957154267060979,29.095463152115986,-0.0030051867134938833,0.022183645690613887
-3.6779185987016696,-0.0011847992032458215,28.75153185945073,-0.0021673837287267605,0.013753510330626915
-3.7013108774241124,-0.010546276566909131,28.403998079370403,-0.0015714304093630378,0.013451854676236519
-3.7511271610200874,-0.019190831887176255,28.05256211706628,-0.001463840713001397,0.022217923550097086
-3.825391936620759,-0.026148164152381657,27.696871943203565,-0.0019399584897452215,0.03953090425128147
-3.9194277396656045,-0.03056748664169373,27.336443190196714,-0.0029675925406244643,0.06353709838124867
-4.026102769643152,-0.03187214737797133,26.970638147860143,-0.0044171735827643185,0.09111958236761912
-4.136616616894399,-0.02989702276070147,26.598781772920184,-0.0060887180543966815,0.11816711371128111
-4.24169753464197,-0.024973093796113763,26.220394731265777,-0.0077258667265513075,0.1401524740872172
-4.332951510841814,-0.017908087943284856,25.835412027220485,-0.009031098607613664,0.15323463638617238
-4.404014097012144,-0.009789478876241667,25.444202214075045,-0.009733654005119297,0.15605834791180928
-4.45092675432041,-0.0013872841112732262,25.047164527335,-0.00979038855858138,0.1536549204774915
-4.4711692125975855,0.007473958680791369,24.644192982950983,-0.009529446291287708,0.15544985059491234
-4.4625125439929105,0.017009328242877236,24.23508869386778,-0.009212933856180739,0.1579967232508412
-4.422695498829416,0.027285007369424904,23.81954492449822,-0.008872215989634773,0.16071760973247098
-4.349334121545886,0.03834260611207467,23.397204231917666,-0.008506730644828701,0.1635821597227741
-4.239984151270101,0.050170842411379805,22.967631485096074,-0.008113619079916787,0.16660397884030775
-4.092335003260856,0.06266747458810543,22.530285685996695,-0.007689538987195124,0.16979966851169842
-3.9043595772294277,0.07572360723324016,22.08457261322651,-0.007230581179258382,0.17318827853138247
-3.674207497185395,0.08932690485569363,21.629905554256105,-0.00673219798032208,0.1767915709981949
-3.399950028134922,0.10354261354428163,21.165682518380617,-0.00618906787251562,0.18063459670438783
-3.0794491782975735,0.11843056569032236,20.69122531683048,-0.005594862836636512,0.18474680981786756
-2.711028928270692,0.13348755076160962,20.20551805232764,-0.004941693677726175,0.18916532077926845
-2.296306081563417,0.14675923094894378,19.707013695764022,-0.004219343427565175,0.19393916533734212
-1.8442387746474544,0.15546840891425762,19.194375624091652,-0.003415489565155993,0.19912577156769246
-1.371796556626008,0.15786243476160536,18.667382581646937,-0.002516782768279649,0.2047816198296897
-0.8999810174266127,0.15363265217713334,18.126659272893193,-0.0015087999778301078,0.21096199243140995
-0.4495913609446367,0.14315415607490287,17.572906207076993,-0.0003746400688295894,0.2177297616108429
-0.038460284062789854,0.12748333038954762,17.00642902222628,0.0009069229806155174,0.22516535578245328
0.3212658005928623,0.1085747348466958,16.426717437253007,0.0023641441278579637,0.23338116303728584
0.6239866905833522,0.0881868726490829,15.832248991547818,0.00403586269498988,0.24253814828678663
0.8676535983892818,0.06666098699192118,15.220834819039112,0.005975072078726644,0.2528565647414419
1.0498696344389902,0.04330370680725998,14.589892012481446,0.008254150251590483,0.26463410901431134
1.1665524688399187,0.01746021946505074,13.936178817630996,0.01097527584534456,0.27829272282844647
1.2153692019864488,-0.009310165579362366,13.254798358101304,0.014292505727949639,0.29448910859013
1.1992903680752711,-0.03427500627511896,13.002647685224986,0.017231824709946133,0.30140876686773477
1.115186768330296,-0.05757066932400983,13.866849126982295,0.015954098948470885,0.28347722109154627
0.9652354505655804,-0.0730472062026322,14.685239997150157,0.01270538174643564,0.27093858461066866
0.7747095612658774,-0.07824372862396947,15.465122054150015,0.009939892200355951,0.258368881195285
0.5756281861164102,-0.07295896742902543,16.21082400670591,0.007642726720785062,0.2473075926347936
0.39936359047019376,-0.05825407603212584,16.925116572196195,0.0057085645409265156,0.23741618224738056
0.2707609560560893,-0.03738391595630994,17.610319491489612,0.004061809751437871,0.22853496933229328
0.20292563458181231,-0.01462692286843338,18.269006685594423,0.0026447310845989893,0.2205159140689839
0.19837276661320138,0.00747366357900104,18.903908914645005,0.0014130947449389386,0.21323609948068936
0.2550154385478711,0.02850022492793218,19.517527159014247,0.0003330299134211162,0.20659465079081793
0.37042351905862353,0.048694659419933346,20.1120131172511,-0.000621627933690436,0.20050800603066307
0.5428109267554209,0.06827645591272946,20.689219368487972,-0.0014713927149611146,0.1949059556276305
0.7608827356165161,0.08013315103345034,21.250838694045097,-0.0018908164956326365,0.12506911435127135
0.9916912251825734,0.07625943055396443,21.798417725366694,-0.0012947507252402235,-0.004745308931567827
1.1932430039761568,0.05842630281401588,22.33252014159712,0.00035847428344533004,-0.11135625266542833
1.3409736014405813,0.037458348598010664,22.853228640423755,0.002049848886680176,-0.12558908388348308
1.4319356475180283,0.01837245548063514,23.361611095415107,0.0028161290649843457,-0.11690949759576452
1.470202475232545,0.00122542294513575,23.858978657860153,0.003166136162199048,-0.11387835442503927
1.460532214278281,-0.014261431906946022,24.34628501952247,0.003459160499470062,-0.1115365401023041
1.4076387711796625,-0.02815745618636366,24.821813895634083,0.0037309704728172373,-0.1093769697829452
1.3163127602547218,-0.040707099830881145,25.08716688475404,0.004235152298367394,-0.10881906915054294
1.1907553696632094,-0.05211200735384679,25.070546961264874,0.0048660464245376045,-0.10851539348930166
1.0341640544770931,-0.0625327871506605,24.801376083158768,0.0054341837403794,-0.1083417924180685
0.8486991186622543,-0.07206252313356784,24.404221300420833,0.005701038845253105,-0.10791604984081425
0.6358598668782233,-0.08077777204213835,24.000677293955196,0.0055961887859747724,-0.10800827924513091
0.397203625348035,-0.08883977261880546,23.590557899407813,0.005373061957773488,-0.10966864858363515
0.13440138311454058,-0.09634049223732971,23.17361692562594,0.005121703503500562,-0.11160593173549566
-0.15093144701988173,-0.10332419337666583,22.749576844149345,0.004850378349042282,-0.11366626817883262
-0.4572790963677037,-0.1098328661009741,22.318141166310696,0.004557801494959073,-0.11584604443768369
-0.7829445238236101,-0.11572369037196356,21.87901340152542,0.004241589498448847,-0.11815566990435669
-1.1245191306076352,-0.12008682603558375,21.432039523064546,0.003899016975390306,-0.12060736987228639
-1.4742900971249977,-0.12115491139857078,20.97744394978907,0.0035272272323480162,-0.1232129747370599
-1.8194266540782114,-0.1173809884837056,20.51577966702639,0.0031232709357758106,-0.1259835399885279
-2.1441475743032727,-0.10814421690628738,20.047662832965603,0.0026837678920616503,-0.12893050826583582
-2.432358409082336,-0.09287194557738483,19.873428566146668,0.0018268461727313288,-0.130233532452852
-2.6665380146503574,-0.07108171644528297,20.118263258618356,0.0010693757206089354,-0.13077568845875384
-2.829189043100601,-0.04363397158626282,20.670847804284165,0.0008534266264680533,-0.12973387257196192
-2.9086260771286616,-0.013818042149087823,21.20783334495945,0.0012234363337473987,-0.1280073181488036
-2.903083016797834,0.01484440076352009,21.731907842353596,0.001657853378438632,-0.12505291521543388
-2.8177984947464,0.040668407353344455,22.24585947916186,0.002062936521845129,-0.12215932156935876
-2.6604518088488454,0.06343965921353914,22.7511969545953,0.002435174876515118,-0.11942683554593818
-2.438891750872805,0.08327134553494618,23.248855189036846,0.002778001851051617,-0.1168484951201232
-2.1608876833055706,0.1002000651157237,23.739485236184834,0.003094749966808814,-0.11441044973482334
-1.8346124320551853,0.11404813824757476,24.223543235982063,0.003388224373394285,-0.11210044805124919
-1.469243170470175,0.12451399657278694,24.701254308877218,0.0036607500783493595,-0.10990836925890649
-1.0751089948888768,0.13139546668489144,25.172574481761423,0.003914239443803442,-0.10782610896964703
-0.6633340060393454,0.13462322737592872,25.63726378528932,0.004150293271376308,-0.10584708420164388
-0.245401578732273,0.13421736990678843,26.094983174795427,0.004370294037653442,-0.10396570648081917
0.16759849663843912,0.1305126674709586,26.545381026600566,0.004575475870431738,-0.10217694400834118
0.5664604270796971,0.12436860402797682,26.9882492321254,0.004767000277654706,-0.10047574495562153
0.9449125120407778,0.11671653136735662,27.423623456051192,0.004945999718223844,-0.0988566876183636
1.298910524400379,0.10799866772255684,27.851674580536645,0.005113547300500777,-0.09731427925204174
1.625228276930843,0.09827711992369152,28.272588140893472,0.005270619390814663,-0.09584333119521576
1.920801100677901,0.08755936375746548,28.686559137819636,0.005418096238531624,-0.09443901608263681
2.1829543817478845,0.07603489824997887,29.093852516522063,0.005556786473489176,-0.09309670870492406
2.410167330046785,0.06421052414129338,29.49487196300174,0.005687453768427975,-0.09181178037967479
2.6025332806275037,0.052641691993757005,29.89009062744629,0.005810808071643396,-0.0905797494311131
2.7613010861744676,0.04159163159604126,30.27990571708048,0.005927475968343859,-0.08939662886498224
2.88810388949142,0.03109437162307403,30.664619332575366,0.006037999018691084,-0.08825896807779421
2.984582780422598,0.021137262378522936,31.044489764060522,0.006142852497481508,-0.08716371751770625
3.052330286415741,0.011708764779855295,31.419750005472547,0.006242459588842717,-0.08610814473387715
3.0928971824187896,0.002798378732329881,31.790610430084165,0.006337199669672023,-0.08508977861943144
3.107798447314094,-0.005603468016848312,32.15726084941035,0.006427414299872423,-0.0841063662544577
3.0985546098268424,-0.01353896583800323,32.48790565886994,0.006562393208246772,-0.08361638688166972
3.0670121378903294,-0.02084974008631876,32.668751236615314,0.006792079193555733,-0.07982061707595399
3.016115928125492,-0.026491063743420893,32.65231795761228,0.006659272076357627,-0.059602933664013244
2.950129588086425,-0.029813797198137253,32.45171953842578,0.005787993573988833,-0.03573364791202347
2.874156998500403,-0.030580620829478152,32.14285549087252,0.004192013161018125,-0.008375800070188715
2.7940978067355493,-0.028655556280294373,31.83179074268313,0.0019961865740199917,0.020190246389271433
2.716605723476895,-0.024227447614776736,31.518116937057382,-0.00041447690702563493,0.045013298298012955
2.6484874640842104,-0.017747011020210667,31.20137219273616,-0.002681657488665001,0.06390585408431818
2.595828353380187,-0.009853734811172868,30.88126772171152,-0.004540195029126977,0.07511319707159236
2.5632387970128567,-0.0013560395997478042,30.557783688251227,-0.005780125624677064,0.07720345394558698
2.5532662566241733,0.006810197477055105,30.231138382920186,-0.006236665939422376,0.06937318418729398
2.565951051565492,0.013662823689973968,29.901647604497217,-0.005822558022409645,0.05189742115877914
2.5985631133884164,0.01830099721187536,29.56950957792477,-0.004577009570944015,0.026467873887335215
2.6456532891568973,0.020055731085728213,29.234607864641305,-0.0026821978572378934,-0.0038724024411941464
2.699569398867101,0.018613584880856297,28.89646658272621,-0.0004181408984263246,-0.035249360925657676
2.7514359241332387,0.014070865287522376,28.554420290002824,0.0019113158018703423,-0.06362740705445781
2.792376585802951,0.006916994443419975,28.207898766313722,0.004024169508006021,-0.08539466549774666
2.8146830238448146,-0.0020388401598602874,27.85664400928589,0.0056731516155008625,-0.09801034395966204
2.8126883887849106,-0.01182810673121689,27.500736260156465,0.0066748600556166115,-0.10096328854853981
2.783126458595727,-0.021615824117013606,27.14041286118084,0.0069889845877454905,-0.09688560181371461
2.724349505287659,-0.03147285827603574,26.775605494304312,0.006917688499728349,-0.09684772398689077
2.635353655711321,-0.04144983108141629,26.406239750582905,0.006722143156503009,-0.09590949980731836
2.517066009004269,-0.04999112619081403,26.032755741715707,0.006037249654180437,-0.07620148667802622
2.374798253485338,-0.05497086246999257,25.65550767744226,0.004476030367336291,-0.03915866847878491
2.219381780014623,-0.054685563848156066,25.274168622280612,0.002172430955471137,0.009423263989133377
2.06644313319029,-0.04825192445208479,24.887496021497178,-0.00048586120806380314,0.061785112332277625
1.9339763472458023,-0.03574538822897061,24.493867107566643,-0.0031351243389606113,0.10997653456054449
1.8393205735707014,-0.018153834238162875,24.09209851112302,-0.005476256325375321,0.14677835484830745
1.7966363637409728,0.0028095083765311544,23.681929292049805,-0.007189238150310697,0.16700846276948486
1.815396086446492,0.02512927862731252,23.263898367348226,-0.007978312269993855,0.1700328624276539
1.9007962978798398,0.047814075511567675,22.838272701157937,-0.007942529409683357,0.16822940141882034
2.0546420785331083,0.0698598275316628,22.40544239355757,-0.007294198868202894,0.15788066951123453
2.273285839172429,0.08856668730284922,21.966487477194963,-0.005892228869779512,0.12446786976467449
2.5447981287416255,0.10124499852034544,21.521666344182712,-0.003917718346890477,0.0752057086044234
2.8493547616159765,0.10634211326650768,21.0698399466387,-0.0019664039841827716,0.019606661218633074
3.162650016128282,0.10351721735274894,20.60907233186136,-0.00042015560094311544,-0.034262152536565
3.460180786861649,0.09340858015632969,20.13763869494921,0.0006402111595248435,-0.08038937945824555
3.7205361097897125,0.07740374932427062,19.654493234665857,0.0012316822079928413,-0.11444292029747911
3.9274621749688885,0.05741474044956869,19.15921774417782,0.0013651846518605475,-0.1339832920351441
4.071049727211815,0.035603587697767676,18.651556296342978,0.0010822669779207144,-0.13967682516646351
4.146694571424039,0.013111468678136338,18.13029953578672,0.0004991634976948444,-0.1427770669778697
4.152416285063387,-0.009596815514910536,17.59349488877752,-0.00024016824157668107,-0.1472168226745561
4.087185113413238,-0.032338470646705725,17.03906446968824,-0.0010882991237043324,-0.15218028922232635
3.949891572757209,-0.05527705690787813,16.46490397696705,-0.0020641918114711047,-0.1577546464413916
3.7386278587931305,-0.078691836036539,15.8686365879358,-0.003198862190615632,-0.16407623985952646
3.4520686788115023,-0.10149329163257084,15.246366188715815,-0.0045382699740331685,-0.17136338929003714
3.096257339750632,-0.11873332381371846,14.591059131361476,-0.006155295759877069,-0.1799861178138062
2.6956632949740946,-0.12291431767300771,13.894564720505564,-0.008159632673786756,-0.1904825883877457
2.2972669086846125,-0.10903170397118825,13.15151876676905,-0.010704654034752929,-0.20352287101662753
1.959456370247258,-0.0767262672848737,12.358353196897902,-0.014021385401800606,-0.22009646802074137
1.733987901170429,-0.029938109041898257,11.508539806017641,-0.018518687839951472,-0.24212102633477378
1.650550614312383,0.023754760618559228,10.587277483502945,-0.025060102799222286,-0.27408886881229066
1.715265649796357,0.08083828736463373,9.559836684419048,-0.03617125425630336,-0.33124241226131346
1.8858970839229219,0.13238432847928613,8.325879484344927,-0.06605245415821473,-0.507682894948489
2.025499510765948,0.1530901709434077,6.688084724215428,-0.12302479818017902,-0.6895354743245224
2.3057430659805096,0.22504173099052233,5.929166523615387,-0.11621381646120903,-0.41722775897041464
2.413947329636501,0.14437474040009907,5.672812222682357,-0.17347030615735543,-0.8032905426932228
2.441167895521788,0.10065674895158565,6.947653877647811,-0.09115885229860009,-0.335767067961999
2.2341710068161764,0.00739163245264005,6.796908714142622,-0.12178827452881114,-0.7361140487040574
2.059833676992069,0.02060989263819705,8.770454134508869,-0.04744482838085798,-0.1967595449958132
2.1589423688021236,0.0957587491977425,10.16893186824825,-0.023446693889995186,-0.22430328207970496
2.470528904250532,0.13939198145570134,11.380662201569827,-0.021053496851072117,-0.22791699817130917
2.8917406454043544,0.1574742674099349,12.458126701906957,-0.015779819891666106,-0.20537177267877393
3.3371072022813095,0.15232385396741147,13.427720480059568,-0.012376392876665986,-0.1960567384118512
3.7427411334878298,0.1317659383007,14.312431846853679,-0.009732254854131515,-0.1856030849451012
4.0794700893503135,0.1058749173354879,15.133815721937193,-0.0076609878888054825,-0.17692645534222526
4.3427907390841645,0.08079795913565734,15.907984354730898,-0.005973496651863173,-0.16916166821515957
4.537197158253002,0.05775852515089211,16.643716485963015,-0.004571373120757679,-0.16225361809825214
4.667783281130109,0.03634427005346205,17.34630235034461,-0.0033877155551436822,-0.15606314979333571
4.738541447683183,0.0161806626526206,18.019876356318395,-0.0023752313081902995,-0.15048150115823825
4.752527528058231,-0.0030317050455637294,18.66779404158766,-0.0014994357947617442,-0.14542096177956126
4.712129018102709,-0.02147639574895083,19.292833726078108,-0.0007313807060137795,-0.14034658807063297
4.6252382883354155,-0.03539592671115412,19.897235042703645,6.604321116888119e-05,-0.10374816346482675
4.506780801023955,-0.043620696604355025,20.48298334016797,0.0004497682100385564,-0.06169774630412557
4.371206733238906,-0.04727179756163756,21.05178551817805,0.00047249180928358954,-0.027242691892212834
4.229365944155955,-0.04775917637254777,21.60502275918689,0.0002860882920573115,-0.001137471619923303
4.08864794874971,-0.046165838588777056,22.14395374733798,-7.678140766128122e-06,0.017373809393642622
3.9539913691726474,-0.04318070098728961,22.669791522998565,-0.00033311058041505994,0.029362601350457117
3.8287471998621814,-0.039307085804753505,23.183587865554664,-0.000635589072256689,0.03604986432873498
3.714958716718695,-0.035024363227096976,23.68618035952467,-0.000881054627529721,0.03864633939829529
3.6134389647862446,-0.030732821007245663,24.17828027273074,-0.001053220846174007,0.03825817361920268
3.524026947371086,-0.026700727277049006,24.66053405491585,-0.001149295186060395,0.03583568775065643
3.445918899887006,-0.02308510530059881,25.13352979036228,-0.001175485572378684,0.032155619681334034
3.3779396190097333,-0.01995982027437991,25.59779923784202,-0.0011431539730763446,0.027826101628463957
3.318745809979788,-0.017339103269223652,26.05382226470518,-0.0010659415185823068,0.02330513659137018
3.2669729285959956,-0.015196220673083195,26.50203257108254,-0.0009578707698180333,0.018925913909119126
3.221337163751197,-0.013477563946423323,26.942823666683424,-0.0008322756331408446,0.014924423777843598
3.1806829225748077,-0.012126766158795514,27.376548002578993,-0.0007013647532681117,0.011466385606526113
3.143914254303119,-0.011139029615383147,27.803501442929395,-0.0005762300599175233,0.008671551446562661
3.1098212073730247,-0.010575293498721721,28.223926135335102,-0.0004671218402819527,0.00663404612580022
3.077014960260392,-0.010473193402533018,28.638055427096425,-0.0003838539265467727,0.005437807832278973
3.0440915562088366,-0.010784289554560102,29.04614096608935,-0.0003362391928923086,0.005166242276536153
3.009834275655743,-0.011412084750255274,29.448435158742587,-0.0003344093376616183,0.005904944067629602
2.973299206627526,-0.012251011815269166,29.845175349969455,-0.00038886473139047525,0.007736796795586768
2.933832318352432,-0.013192624928668193,30.236582542889202,-0.0005101497022506929,0.010729249867426446
2.891074460772245,-0.014128554847917514,30.62286153172985,-0.000708054642724713,0.014913238316807291
2.8449573710235128,-0.014955806741535318,31.004200486124933,-0.0009902571781245518,0.020254304691506488
2.795684853846996,-0.015584744613858755,31.38077029539475,-0.0013603935557229155,0.026619293837118866
2.7436972539691484,-0.015936744785289125,31.739698362526426,-0.0018241153080862387,0.03393884053245389
2.6896777024126406,-0.015800976791595315,31.950061217750083,-0.002486018854624597,0.04429426889468833
2.634736427101853,-0.014901132890607197,31.954134801989813,-0.0034460798504976154,0.05753732197865771
2.5805392776840828,-0.01304523867444456,31.760974693261208,-0.004711565510170489,0.0720314919218091
2.529298093271153,-0.010225240882745715,31.446754243559955,-0.0061279536902647085,0.08519389854383397
2.483536741994726,-0.0067796597095260355,31.129222943476094,-0.007336882513608071,0.09272000853231137
2.4453710663033723,-0.003115140197811192,30.80841162634713,-0.008196220424889742,0.09631667520247549
2.4159714423131344,0.00034791653181263807,30.484458766412725,-0.008644852301725082,0.09517174364754881
2.3953044548898252,0.003086203378385071,30.157597507739247,-0.008609272662418779,0.08834253547045237
2.3818474727487997,0.004487871487447679,29.82810564097681,-0.008027247661395115,0.0752742935085
2.3723101195815444,0.003907685075182045,29.496208055095707,-0.006886406302253036,0.056125225256569426
2.3614617678841325,0.0007499059684810259,29.161949930183624,-0.0052517489987300775,0.031913676304911806
2.3421832914070837,-0.005442158359633007,28.825098064308335,-0.003262038096161984,0.004419682217475352
2.305881852763087,-0.014873031080534421,28.485124731570743,-0.001095545920724993,-0.02408291088683034
2.2434487656574706,-0.02731115937081525,28.14127740856903,0.0010682266368324247,-0.05109627172138108
2.1466220705263703,-0.04204247374019778,27.79274791102879,0.003064272919692783,-0.07411479684546941
2.009028879804299,-0.058153155739083015,27.438918682738706,0.004737409008697013,-0.09090780298612203
1.8264746651433472,-0.07477469190673179,27.079508443916104,0.005944753088167638,-0.10003539738289392
1.5968971121860895,-0.09110369290412543,26.714511583413163,0.00659208176611728,-0.10166834877863472
1.3202329476835,-0.10656251159808522,26.343993059720884,0.006714307388392236,-0.09892851822130137
0.9976108640367438,-0.12129034886964579,25.967770965625085,0.006582627681361079,-0.09974462588869437
0.630437638047425,-0.1354566834325228,25.58563616276372,0.006412356699327505,-0.10118510897996277
0.22028548781519777,-0.148982916371152,25.19739970497919,0.006199387533642441,-0.10130841602738469
-0.22933709917833153,-0.16023888560998825,24.803536105962216,0.005558962631849868,-0.08333165684781728
-0.7100200922409161,-0.16699460845532052,24.404582320319296,0.004154298387509877,-0.0482050746059221
-1.2070918542830964,-0.16739147364876075,24.00053484160668,0.002137934959574672,-0.0009088631153316288
-1.7006551820669888,-0.1604971379703986,23.590527964721016,-0.00013044355221505536,0.05167187847049341
-2.1689987944504945,-0.14660828594573413,23.173153105413924,-0.0023521937367937556,0.10231653074878184
-2.5923926978100753,-0.12701300861839523,22.74714836358254,-0.004317085468005907,0.14408977575741744
-2.955391005812735,-0.10355180645984101,22.312017694591038,-0.00579321926721296,0.17116248429439412
-3.2478639826942803,-0.07834456265385871,21.868117335735885,-0.006517906904437763,0.1809781835177794
-3.4649813547929638,-0.053074497582010875,21.415922378159863,-0.006428372196979121,0.17925719943472937
-3.604779403195095,-0.027574192141296673,20.954791392223303,-0.005921172511685365,0.18253054961861892
-3.665497708634884,-0.0015316508834625781,20.48391710764539,-0.00531848772164402,0.18662937774842564
-3.644997129237266,0.02521285678835512,20.002285307946856,-0.004650919430349515,0.1910961021067273
-3.540564971079209,0.05282241025190741,19.508746150155616,-0.003913014237708712,0.19592202175494028
-3.3488069383402115,0.08148719817373892,19.001991909031496,-0.0030930772920507318,0.20115752280090005
-3.0656876138128997,0.11129446767091873,18.480434544238733,-0.0021757159136444352,0.2068731773741652
-2.6880486910655943,0.14112201950476977,17.941615750823836,-0.0011400719217158984,0.21316785992971238
-2.2185916875373866,0.16749999475857044,17.382124714954703,4.259513039508223e-05,0.2201805676982762
-1.67212539373885,0.1863237448725998,16.799513553001894,0.0014077469083475644,0.22807194125235988
-1.0759189770487616,0.1954493970992539,16.193867349104547,0.0029947377052487382,0.23699527632788195
-0.4633260461588246,0.19457508671527757,15.566995907464745,0.004848270729463322,0.247104717603422
0.13254630191639447,0.1842094490971479,14.921056031494068,0.007023592593103248,0.258585663190006
0.6837572884078725,0.16596713976877425,14.25747511496693,0.009594733957862105,0.2716967018788971
1.1720169694764533,0.14256763943822628,13.57583659418581,0.01266935529112683,0.28684520658278634
1.5878822998229893,0.11555405877138304,12.873951258097632,0.016407752557525024,0.30465147064181447
1.9231704325817391,0.08336308469165768,12.149376890629084,0.021043215174326998,0.32597065117139423
2.164563321401299,0.0426375563212851,11.399728358760838,0.026925298583919167,0.3520411804665218
2.2949186591435096,-0.008774079648895265,10.620229802908904,0.03463864465402311,0.38502893382179804
2.306648996816894,-0.06520981200392104,9.796751265514365,0.04537088002934916,0.4298191486777796
2.2342036122324536,-0.1029666846383024,8.895230906318165,0.062035373209553865,0.4987247081121644
2.187527418574927,-0.0894521826311094,7.981673119228164,0.08616837034845637,0.5833666760427174
2.2938963684149054,-0.027236799598134777,7.349250060177985,0.10269682139325964,0.5910841633079471
2.448088719985156,-0.005960501087570315,8.391444520892637,0.06507222491947202,0.3774367322125121
2.5600717822427166,-0.01375852743961844,9.637470358809512,0.04666176762696403,0.3798497588254511
2.6023451932711286,-0.03411160513484235,10.72948794067149,0.03632453557543373,0.35102988609875385
2.5520667375228685,-0.06495102431440478,11.713265855104842,0.028382180564663066,0.3288435060503583
2.3956106331744746,-0.0980930382425602,12.624898161541212,0.02247903837826131,0.30930845596640183
2.1372112628074507,-0.12549432086271975,13.487661924780713,0.01787763686203154,0.29227152342103324
1.7973228766506177,-0.14300228834163814,14.313383071052415,0.014184060355606438,0.2772714694584466
1.406253310495904,-0.14949676018044175,15.106772029724503,0.011162415747884975,0.26402086772408395
0.9974466561630014,-0.14583066305089723,15.869126210369423,0.008656955217934552,0.2522699252042095
0.5993952843501098,-0.13549969940249054,16.600665663326104,0.006557007857682586,0.241807291433661
0.22762883571166656,-0.12337309386390602,17.302598534199497,0.004777819157442021,0.23243784978316814
-0.11545313713848623,-0.11251950665720971,17.977528673763217,0.0032532137594916623,0.22399204343663004
-0.43360752329492114,-0.103510022004911,18.628348045383156,0.0019328918965471023,0.21633502320066772
-0.7312684045721068,-0.0960658061822487,19.257543149136243,0.0007789240299097652,0.20935916327866969
-1.0121979622982464,-0.08992834440597897,19.86718713371893,-0.00023777005673243187,0.2029756245803474
-1.2795571392499192,-0.08488657997222719,20.4590320414218,-0.0011398813406110317,0.19711014175826214
-1.5360109357052374,-0.0807673210088481,21.034576904520836,-0.0019453833406334587,0.19170016381593938
-1.783813938629353,-0.07742797167276076,21.595118072072996,-0.002668700600932457,0.1866926582999966
-2.024880642420955,-0.07475091556910245,22.14178714834323,-0.0033215437088728018,0.18204239973029596
-2.2608437462660946,-0.0726390648185153,22.67558009122623,-0.003913517922036915,0.17771061458225773
-2.4930633791390826,-0.07098942797742665,23.197370021065627,-0.0044525663699620495,0.1736639572902211
-2.7224453833108986,-0.06960367942212363,23.70788162926223,-0.004945278497110618,0.16987388020068006
-2.9490715958728755,-0.06815201348988185,24.207672648145508,-0.005397134265695922,0.16631607062137999
-3.172050634230961,-0.06632537274704145,24.6972052563547,-0.005812756425179892,0.16296950122248166
-3.3898070449863846,-0.0639624573134939,25.17692881512011,-0.006196118977355226,0.1598155329964774
-3.6004437725878775,-0.060993447032827636,25.647277612202217,-0.006550660910544124,0.15683755021078305
-3.801902243957811,-0.05736904674334312,26.108649314477177,-0.0068793598824433725,0.1540207874644754
-3.9920073455160403,-0.05304845740372026,26.56140767308805,-0.007184803019714537,0.15135210407639874
-4.1684934664115625,-0.04799753680569855,27.00588906127634,-0.007469248997521172,0.14881976509368236
-4.3290250574989475,-0.04218717765718816,27.44240813969232,-0.0077346794428118934,0.14641324692780233
-4.471212117041782,-0.03559188960432601,27.87126279690871,-0.007982841074758391,0.1441230712896121
-4.592621090860718,-0.028188627164786737,28.292738537786555,-0.008215280383022295,0.1419406641163937
-4.690840694867037,-0.019991142125547395,28.707135464869403,-0.00843338109431453,0.13985814212889772
-4.763798793313336,-0.01117962507291935,29.11485712216175,-0.008638419064669998,0.13786787338009376
-4.8102954229036525,-0.0021406095617155832,29.5164365065544,-0.008831589216438451,0.1359623039723709
-4.830199511610911,0.0067781013146311995,29.912368131042793,-0.00901395856985439,0.1341345211800403
-4.824049659722912,0.015453783059427451,30.302980728738138,-0.009186425450853143,0.13237860165027074
-4.792555293477687,0.023889514921863156,30.68850347421741,-0.009349757319296843,0.13068985331272573
-4.736395373609409,0.03210290896518194,31.06914065042404,-0.009504649942168783,0.12906458827809925
-4.6561987109727685,0.04011031775912584,31.44508344982984,-0.009651745737356934,0.12749935330226908
-4.552552796947456,0.04792097025363807,31.81651256647495,-0.009789499195471042,0.12589610650646843
-4.426215673468724,0.05531469649112037,32.18364994395604,-0.009833362482608108,0.12061851270392358
-4.2783983596756965,0.062025641460786124,32.546754165541955,-0.009679308788181136,0.11269602155335201
-4.110787698767727,0.0679115206930928,32.90607920528409,-0.009326715612817778,0.10349485674313683
-3.9254277481285427,0.07293392478680018,33.26182861284682,-0.008826717965937425,0.09396443124572278
-3.724551150932019,0.07711864392284151,33.61414660131013,-0.008239490250591347,0.08467601386044976
-3.5104258790696266,0.0805261553110812,33.963129987619006,-0.007615549723673102,0.07594109630294879
-3.2852414199407445,0.08323281792646774,34.30884521492404,-0.006991003143861958,0.06790756359211093
-3.051035915666535,0.08531971615077286,34.65134283818626,-0.00638889403738504,0.06062535462603734
-2.8096567843728626,0.08686640681228591,34.99066740018824,-0.005822387954331773,0.054088136917165845
-2.562745402181001,0.08794762480362665,35.32686317632777,-0.005297889772613034,0.048258470347953726
-2.311737565763257,0.08863168297052605,35.659976992120804,-0.004817455996132935,0.04308223668763521
-2.0578735533380836,0.08897977814854,35.99005923517427,-0.004380438024555507,0.03849625955783988
-1.802213646144431,0.08904572301734237,36.31716387119117,-0.003984492821886168,0.0344316531182424
-1.545656594251792,0.08887582131648092,36.64134797454655,-0.0036261329141418965,0.030814614546657775
-1.2889596552495544,0.0885087382624137,36.962671065830236,-0.0033009712194886796,0.027566078325746292
-1.0327681264283832,0.08796926877743304,37.28119506898762,-0.0030038013011032213,0.024601822876940797
-0.7776887415523414,0.08724526712657854,37.59698466040492,-0.0027286644243288446,0.021835152581656248
-0.5244126890624974,0.08628035735296191,37.91010314035574,-0.002469086560032235,0.019184590522687218
-0.2737858605516635,0.08501842196361743,38.22060598589665,-0.0022186339227865887,0.016586264589385103
-0.02675508756207187,0.08343931778535668,38.52801616879778,-0.0019718162631072993,0.014000512090972089
0.21574324580188206,0.08157627857876568,38.82987323451728,-0.0017387016221173618,0.01207935899637262
0.45285496371470196,0.07947817593821357,39.126380244681656,-0.0015377351761073621,0.010717303532032948
0.6838224026154166,0.07718191241358943,39.4177301712889,-0.0013745865092270576,0.009753274457067097
0.9079795162924433,0.07471290866912618,39.7041071468548,-0.0012469075699732511,0.009060802658695813
1.1247382960799932,0.07208843712382969,39.985686964751046,-0.0011492052498618937,0.008555408520650381
1.3335734641769579,0.06932061312124928,40.262637322799335,-0.0010756467010946881,0.008185911729252624
1.5340090482079192,0.06641857874969362,40.53511806027991,-0.001021328818667313,0.007924821101687714
1.7256080919810868,0.0633900072782464,40.80328145438313,-0.0009826961988279174,0.007761158192265433
1.907965595655798,0.06024215753239616,41.067272568138314,-0.0009575726508581613,0.007696130263200794
2.0807043654886144,0.056982690803786366,41.32722962221504,-0.0009450756743041004,0.007741324799375745
2.2434734295244425,0.053620421372572655,41.583284362125895,-0.0009455559333396049,0.007918948567022731
2.3959488227743564,0.050166128778336025,41.83556239472775,-0.0009606281183557112,0.008263624025791295
2.5378367418742203,0.046633518338713154,42.084183467418015,-0.0009933147478337005,0.008825227372357082
2.6688792460787916,0.04304037195525544,42.32926165725821,-0.0010482946083366217,0.009672147010369472
2.7888627936645207,0.03940987803770624,42.57090542358738,-0.0011322222842470085,0.010894146589150699
2.897629912826374,0.0357720623670208,42.809217455491094,-0.001254058757227166,0.012603752807306039
2.9950941768100647,0.03216515868667804,43.04429421631509,-0.001425323413935738,0.014934803647310686
3.081258347348971,0.028636661103465133,43.27622505907581,-0.0016601466481186568,0.018036564117815214
3.156235036919516,0.025243698442289537,43.50509077864918,-0.001974974663108363,0.022061746401565118
3.2202710597924393,0.022053918217827984,43.73096191005491,-0.0023877630314069337,0.027146993398926785
3.273795592861892,0.01915778016145922,43.953899609057515,-0.0029165097786383863,0.03338509853210348
3.3175088743295778,0.016680124026219236,44.173956655480886,-0.0035770131285194316,0.04078952566275181
3.3524493880329223,0.014750247275856804,44.39116951556512,-0.004379784256132428,0.049253846001857074
3.3799587184557294,0.013455577788864071,44.60554923650582,-0.005326212922608019,0.05851230235138158
3.401577946561426,0.01283232938346773,44.81708626873182,-0.00640436443889657,0.0681122547847713
3.4189529978858575,0.012872765882635013,45.02576555440434,-0.00758502502767731,0.07741274405332273
3.4337540126396697,0.013521397347016762,45.2315847852127,-0.008818919080679525,0.08562433867594388
3.4475852142155743,0.014669758748984744,45.43457506970453,-0.01003641499487546,0.09190063110551562
3.4618853665224725,0.016158996214243496,45.6348200016599,-0.01115123457598114,0.09547823444104828
3.4778314501926744,0.017792186133068127,45.83246585426989,-0.012069305041872477,0.09583913136209711
3.496258319607548,0.019355062004109982,46.02771024523856,-0.012702186447974214,0.0928283077974752
3.517602643531042,0.020752148079652973,46.19186766889291,-0.013087029083250606,0.08963247946213956
3.5419627949843626,0.022080576650198774,46.28934875973863,-0.013407367856594158,0.08949132426910007
3.56917859195943,0.023419788067571445,46.30038407630417,-0.013830884739569086,0.09111166224534317
3.598815159968188,0.024690585803746747,46.220155962064744,-0.014380771927925216,0.0923121918433857
3.630215749903289,0.025757470056696496,46.058374061676524,-0.014973781223406736,0.09219779072171329
3.662674370946995,0.026512590239524392,45.83960625146475,-0.015486823548372344,0.09052942781868699
3.6955739892146533,0.026853769101709488,45.60437216462894,-0.015776119601894102,0.08709587386101848
3.728358590282916,0.026777835410071615,45.368267419167765,-0.01583247715162075,0.0848795953102304
3.760440454764441,0.026394010458415218,45.131316010814096,-0.015784899505645694,0.08479606535502418
3.7911848332318216,0.02578869767275491,44.89352599919511,-0.015733254528550112,0.08552561121540014
3.819939941895324,0.02498221640905378,44.65488767182051,-0.015700465110650146,0.08622454717974458
3.846056062920422,0.023967043460518245,44.41538458861564,-0.015677405517298813,0.08675315034902976
3.8688901804701437,0.022736497237363235,44.17499963832236,-0.015655142944004375,0.08721511054603255
3.887842733585167,0.0213142604508554,43.93370844815595,-0.015631022326078377,0.08767374385442511
3.902505633428156,0.019801724098110946,43.691462145541436,-0.015604906914386842,0.08813490813828055
3.9126924161528542,0.01810419961552445,43.44835874329527,-0.015441120360095246,0.08216155260589166
3.9181430396658716,0.015760139087274083,43.204630961619,-0.014780670808653638,0.066266166044233
3.9180350099877383,0.012149953641711179,42.96059006453355,-0.013280956722584792,0.04129593699719136
3.9105523316512474,0.006752044312191105,42.716475672176976,-0.010802580205292362,0.010306635284679361
3.8927174657660997,-0.0006961780440221483,42.47226373671168,-0.007464790767419375,-0.022146686591691424
3.86055135781283,-0.010122299177468153,42.227586025607295,-0.003609395137870179,-0.05106713600276388
3.8095549629574,-0.021136702565976582,41.9818560310942,0.0003119541605171626,-0.07242436816747462
3.735368942430963,-0.03313903630544681,41.73453098802653,0.003862375470069987,-0.084124551492697
3.6343598634254306,-0.04546526139201576,41.48531366578934,0.006702086064342908,-0.08626547221913328
3.503953487483939,-0.05753491468746237,41.23417810440452,0.00863616841113829,-0.08100332437546635
3.342692451939684,-0.06896542219894139,40.98126267594076,0.009644844080244042,-0.07182337604663443
3.1500271494146097,-0.07971211969751198,40.726694333708586,0.00992479932937521,-0.06445448105789686
2.925898540086333,-0.09009025760910046,40.470482562322694,0.009871660246823757,-0.06339099175090515
2.6707153421199212,-0.0999543174113013,40.21278470111887,0.009595742016529928,-0.05513278102729448
2.385857135067104,-0.10841015279537919,39.95385773352348,0.008637611349469056,-0.03175855308940139
2.0742249092441525,-0.11442903817057193,39.69389368009027,0.006543096520924935,0.003985478093493039
1.740582076366509,-0.11735162758380538,39.43278144163715,0.003266725918167518,0.045145486965693614
1.3913740401022434,-0.11710502986104775,39.16997325225947,-0.0008306688575915631,0.08332641057682298
1.0338937586709789,-0.11420341819525381,38.90472101108593,-0.005162809655615385,0.11149709136293783
0.6751217181207045,-0.10955564327296954,38.636522040695375,-0.00911953526139331,0.12595183874633917
0.32078187333625935,-0.1041876382015247,38.36537304610616,-0.012197825923121786,0.1268253030683578
-0.02508433481708068,-0.09896804038347946,38.0916802850717,-0.014097649493684824,0.11778789160183933
-0.36008713176785667,-0.09441263423525172,37.815990872132474,-0.014802867653090798,0.10459756749769283
-0.6829310117919913,-0.0902277499113934,37.53847820363318,-0.014791588283703378,0.10155511458325057
-0.9929447385296912,-0.08601749939236837,37.25925769071819,-0.01466595764308355,0.10265288671436897
-1.2898984402919025,-0.08173746255531265,36.978314303400154,-0.014582326412496143,0.10394727458935561
-1.5737529124731864,-0.077433431751301,36.69559091256929,-0.014522818811562385,0.10486574549858828
-1.8445010321989437,-0.07312435114658562,36.41103212383684,-0.014464704038946355,0.1056629944699518
-2.1021228787560338,-0.06881044090025441,36.12458643338972,-0.014402854049311227,0.10647726224179424
-2.3465845229373916,-0.06448687910104442,35.83620233225485,-0.014337995294623408,0.10732387981519313
-2.577838189868156,-0.06014864276289451,35.545826821102764,-0.014270771189392059,0.10819410581659772
-2.7958212944283654,-0.05579096666962201,35.253405254585445,-0.01420120745986435,0.10908460503310076
-3.0004556038203885,-0.05140897681276204,34.958881363176104,-0.014129154874364452,0.10999594762918599
-3.191646504826032,-0.04699752641386276,34.6621971845759,-0.01405446692805089,0.11092931750318705
-3.3692822387098493,-0.04255116828438188,34.363292944930045,-0.013977006989456291,0.11188575133631652
-3.533233063887417,-0.03806414447030285,34.06210692700141,-0.01389663338982696,0.11286623725247691
-3.683350344788385,-0.033530366766887684,33.7585753307598,-0.013813194133193636,0.11387181155146125
-3.8194655661872123,-0.02894339178307339,33.4526321233295,-0.01372652605273044,0.11490357916752902
-3.9413892684755676,-0.024296393699520094,33.14420887576402,-0.01363645422301484,0.11596271513513133
-4.048909897722527,-0.019582135032536405,32.83323458485257,-0.013542790982251278,0.11705046801672234
-4.141792563645058,-0.014792935014932427,32.51963547810762,-0.01344533473658957,0.11816816581428967
-4.219777697832242,-0.009920635233788737,32.20333479977404,-0.013343868626518592,0.119317222882909
-4.282579603579048,-0.004956562192642631,31.88425257535598,-0.013238159044840318,0.12049914751966598
-4.32988488750857,0.00010851357138737094,31.562305351778257,-0.013127953978459204,0.12171555034595907
-4.361350761774332,0.005284422255052979,31.23740590985551,-0.013012981148862653,0.12296815374734153
-4.376603214784788,0.010581636950631038,30.909462941782134,-0.01289294593857894,0.12425880306271495
-4.375263652217442,0.01599241553056174,30.578371435980866,-0.012767526797954058,0.12558951139467295
-4.357120007166388,0.021411737588939765,30.243972993242036,-0.012636360993579126,0.12696260482261978
-4.322463561079824,0.026602444085924302,29.90603765458294,-0.01249902967876277,0.12838082850214336
-4.27227025173967,0.031340410783135986,29.56433680668716,-0.01235506574201604,0.12984712713575755
-4.20798875480272,0.03553983761811288,29.218707439205673,-0.01220397385057108,0.13136449905283148
-4.131210926968532,0.039199091078603546,28.869025619643907,-0.012045233074725416,0.13293604762639225
-4.043521657952838,0.04232945586507125,28.5151701001771,-0.011878284141300115,0.13456503497135158
-3.9464753633555327,0.04494373478052475,28.157015254649558,-0.01170251693476336,0.13625494762936183
-3.841589589234571,0.04705677530208299,27.794429792101145,-0.011517261256031384,0.13800955840969506
-3.7303367264382965,0.048686051598027164,27.4272753716246,-0.011321778392439507,0.13983297218827329
-3.614133714838438,0.049852302361791306,27.05540510749886,-0.011115251698915427,0.14172967010439788
-3.494329615848824,0.050580223821156775,26.678661956108506,-0.010896775565582354,0.14370456021255923
-3.372128024502852,0.05094447547590129,26.29689659176922,-0.010665350800297598,0.14576295701006825
-3.247798362666539,0.0515245835981891,25.910155685556603,-0.010419960242578965,0.14790983358908447
-3.118387714456308,0.0539378850501971,25.518875855143097,-0.010159703788451286,0.1501487545749463
-2.9755672964122892,0.06014298434928452,25.123543931046648,-0.009883716361942203,0.15248279621822444
-2.806365201577866,0.07123374757384238,24.724173750806802,-0.009590852647884986,0.15491699210196483
-2.595765545487949,0.08746585558456964,24.320297997311478,-0.009279496164066318,0.15745947656260276
-2.328380785598,0.10879842820508899,23.91113589969966,-0.008947519576367831,0.16012161687418913
-1.9900219190122916,0.13417356530597194,23.495341229008535,-0.008592038527586355,0.16291973809790142
-1.571944842546872,0.1603804812077191,23.0709392767036,-0.00820913264214411,0.16587660201571597
-1.075972344409593,0.18344951461522577,22.63637508354687,-0.007794324104020842,0.1690171148073654
-0.5146133581344425,0.20115615628534964,22.19144245712695,-0.007343468535588991,0.1723618061720314
0.09391294305425164,0.21301102696857935,21.73694500035848,-0.006852975178911979,0.17592542655994495
0.7297015060665788,0.21899621354488263,21.274121660134245,-0.006319529332906375,0.17971883226275837
1.372861412005745,0.2193078633785985,20.804380800609643,-0.0057398362725241455,0.18375086540262153
2.00521941960252,0.2145588398509706,20.328997764383985,-0.005110271500624077,0.18803098038893457
2.6115645856720078,0.20545692418372036,19.848915693975925,-0.0044264960711805044,0.19257175993411715
3.1791380593648637,0.19232771585519448,19.364863074653808,-0.003683358386631349,0.1973890643657749
3.6965772188528794,0.17520080845103636,18.87743222669316,-0.002874840352995937,0.20250192555714072
4.1537162246575985,0.15414393434014337,18.386924089835393,-0.0019936447646695856,0.20793484470646728
4.5419553951009695,0.12940732143598646,17.893159336624812,-0.0010304652275736398,0.2137216761783888
4.854244256095917,0.10125126230081934,17.395509809380624,2.665268680453299e-05,0.2199080541322601
5.084009062325476,0.06947334572252993,16.893288496375007,0.0011922904130266363,0.22654876976957772
5.223721079381583,0.03327600178226942,16.385925931797008,0.0024838077393462264,0.2337070044754765
5.264255110225924,-0.008269468183893026,15.872451397367055,0.003923415290129329,0.24146648056880127
5.19504742751555,-0.05572487465849677,15.350690223318653,0.005542598254965994,0.24995579708443028
5.005170187359898,-0.1081688148289214,14.815707324639463,0.007392275918555141,0.2594069284602511
4.686092898027911,-0.16135592842916785,14.257697486099586,0.009562819574523889,0.27026949804156214
4.236969193738049,-0.20871656774035927,13.663508509562822,0.012201422066459997,0.28327672776903423
3.6707899194364577,-0.2453507410008478,13.021641631466634,0.01551907635306321,0.2994064412002758
3.015183207739272,-0.26914636672991726,12.323631783289938,0.019821036093796103,0.3199836129797305
2.3097312284772062,-0.27847609655593325,11.56141432892932,0.025600853831638196,0.3471355761231015
1.6079001982806966,-0.2702813087415189,10.725071827705246,0.033747180733802874,0.38470111500277826
0.985697698773783,-0.2383059824585277,9.800461309406966,0.04607439005096695,0.44047164938912825
0.5616218244068398,-0.16883030497327797,8.762281424031004,0.0668556184466965,0.5310882128182743
0.4562175677546066,-0.06567173321707374,7.902540682562893,0.0878995910536659,0.5780724942547164
0.674745629405445,0.035117527570602165,7.550486797558302,0.09025185062118297,0.5158054854802395
1.192396871459228,0.13304501275491962,7.491785859025664,0.0935241735708716,0.5473514557247386
1.8331823088102104,0.17155296694620767,8.356538474331671,0.063665401754537,0.37709491538874546
2.446913540531965,0.166273539158258,9.652901260310344,0.04652307011712673,0.3785685376832507
2.975372994439971,0.14340103756764147,10.753802507789327,0.0360804292432036,0.35017033684258697
3.3997562634008505,0.11186700934221881,11.72400782495857,0.028326262599728088,0.32908222718636493
3.7140846197073527,0.07598125635874232,12.603280427250422,0.022640202565862223,0.3105134875511796
3.915897229660636,0.03714230966390016,13.33463516116715,0.018477646080446018,0.2961045422867858
4.006278967150384,-0.002066883039857858,13.522364873559727,0.016142995973966533,0.291804215732062
3.9940439512286217,-0.03893277452883145,13.14173990561684,0.016113566540569474,0.29844989915862147
3.894720898967709,-0.07184491577324406,12.489128312317114,0.018783762176067687,0.3141398565461685
3.7254604511699374,-0.10051236658791193,11.79942566316891,0.023549577403130375,0.3357641558853332
3.502844723275941,-0.12418327202747838,11.065542342640295,0.029926540381046106,0.36402569392517403
3.248763514460547,-0.14039157262028254,10.276957960577011,0.03870749838762529,0.40196225137223107
3.0009090513407397,-0.14257119333857493,9.417503652669406,0.05168562467629115,0.4568450132980367
2.8133154700067737,-0.12429050767724832,8.640796897969768,0.06716022260298292,0.5076230168389488
2.7102827893160546,-0.09555256035317557,8.255583367880421,0.07269969649574774,0.4861528618085106
2.7010133439550126,-0.05804619125709158,8.185547376070295,0.07360565890874317,0.4826869766455363
2.7010564229075884,-0.05250613267612045,9.482246317901943,0.049241947973781924,0.36214048193775744
2.6528514762252406,-0.06470531092409985,10.591877434976196,0.037523611812985476,0.3585959638917688
2.532345806068079,-0.08738560801659258,11.594566806009206,0.0292147931994218,0.3303461067387588
2.321091991654203,-0.11601361675177298,12.520619257801101,0.023092353332664718,0.31146886529349255
2.0165463062001603,-0.1402177999839993,13.395878004597467,0.018321419295625824,0.2938570408677021
1.6441504112086411,-0.14935880657533848,14.234947744835136,0.014503331849213827,0.2785039176338224
1.2558344245526416,-0.1388465996364621,15.041141733941116,0.011326600316553517,0.263212514813306
0.8846796652022768,-0.12426170214046164,15.593026255020135,0.0054438753731446445,0.14472722343519648
0.5263660241474545,-0.11639605202137755,15.248729781516499,-0.0006781645565379098,-0.023728258959466914
0.16623931640114925,-0.11475005168377411,14.606542123571217,-0.005557545947323452,-0.1598331880912246
-0.18399023771452697,-0.10363213462381259,13.936795671364694,-0.008156416284426508,-0.19339919001267963
-0.4771808864573482,-0.07399359713553977,13.241731503864399,-0.010298501039877376,-0.19993971804008676
-0.6568860288310754,-0.023820822602920448,12.519066847364952,-0.013227293722812387,-0.21508306495759233
-0.6669643877980143,0.047848268907767964,11.761778401159702,-0.016909424771586454,-0.2320985825322641
-0.45735218499134195,0.13573526123590404,10.951020446147284,-0.021975100662907938,-0.25606484615407377
-0.004597685817921318,0.2212046188876555,10.051176366184231,-0.029727244649822734,-0.2937739423789529
0.6361856658961389,0.2715139649156344,9.012991924349832,-0.04450801123604837,-0.3719847256567777
1.217949156484651,0.23410963756994643,7.765937911447525,-0.08176802314222824,-0.5653033518738352
1.593198851169656,0.17442156434253547,6.569480202889505,-0.09223853717585186,-0.4244085129641216
1.4780016000470566,0.02407535407785375,6.194544167766821,-0.1493827050767018,-0.75730802560524
1.0804058995031343,-0.04008573909778309,6.391727150433808,-0.09901795192714449,-0.3381627779376744
0.4153422149440408,-0.1175869121256473,6.356951883245783,-0.13718736387650496,-0.7551888702492985
-0.1720966222405551,-0.08795132552237447,7.642548455404522,-0.07155798570196205,-0.28119956390449435
-0.6469166697247392,-0.06467982373369895,7.401110938897343,-0.09016635442057389,-0.6064072924601684
-0.8573565387368445,0.021672707876835028,8.922645201755108,-0.04065293408525933,-0.18912311361973036
-0.7434619823838383,0.11776035650360867,10.123936716112162,-0.02726870736335599,-0.2572746107492743
-0.38527335628527176,0.17183060110433204,11.232057724307264,-0.021517645544065093,-0.22154750197898532
0.10138759766495366,0.18736317582381987,12.258867749527859,-0.016724002208443892,-0.2117607127708526
0.6171641482699838,0.18038605200720645,13.212203862118116,-0.013094263806116285,-0.19843245840511914
1.11033896981853,0.16583896825373134,14.100679041042055,-0.010329548258851674,-0.1881604407893736
1.5626052838916913,0.1488850293435209,14.934266743146352,-0.008135758738877808,-0.17899446602998356
1.9643157395873632,0.1294474895134777,15.720336437427685,-0.0063608373037189045,-0.17098745486505001
2.3057072836041512,0.10701540765786016,16.464504558538856,-0.004896688492424957,-0.16389910082442388
2.5779562681127715,0.08205024015712227,17.17190277220894,-0.00366895789997442,-0.15757632481609382
2.7763249564106145,0.05626844183912194,17.847875424719867,-0.002623545549429303,-0.15188786474539867
2.9012761573351993,0.031401363326790235,18.49733242325204,-0.0017212416314363662,-0.1467326952249132
2.956413741651403,0.00806323281504953,19.12390860286192,-0.0009339279958216193,-0.14203454815713842
2.9472003954899835,-0.013015371838286783,19.730208922577265,-0.00021157729366308382,-0.13116533443227424
2.880909844710378,-0.03127101288866889,20.318341198662132,0.0003631169286518165,-0.11570492859986865
2.7657494976422954,-0.04652474299961355,20.890079308936528,0.0007588223376741518,-0.09831623001659817
2.6099823350785876,-0.05890395876228942,21.446889556462448,0.0009879671044159006,-0.08107022011200925
2.421262715374601,-0.06874325736407749,21.9899766595531,0.0010840184975189516,-0.06552761120907166
2.2060956208800655,-0.07663106446675079,22.436431874160142,0.0011349165062870092,-0.05376470051198215
1.9691396790941602,-0.08348495479458805,22.4963452383951,0.0012944527818830418,-0.04831984716919351
1.7126846901714519,-0.08990021658466295,22.167175090078185,0.0014565201577404702,-0.04577106517121654
1.437238996130594,-0.09613366952893777,21.728537424400805,0.0014231700436339787,-0.04429642606065155
1.1424928444530327,-0.10245578215692444,21.281164531909745,0.001286466280416536,-0.04496949661693069
0.8276478081785485,-0.10912647612844972,20.824448829643785,0.0011512362384831503,-0.047293477215396895
0.49153954487812723,-0.1161964976522741,20.357728611946065,0.001014736651787054,-0.04939407351411122
0.13324559991794266,-0.12340621122760248,19.880316819490062,0.000845738010616314,-0.04915390379731652
-0.24689964867459374,-0.13014236750045563,19.39151345611071,0.0006314717743785747,-0.044458509069163564
-0.6461025591572134,-0.13542898182139027,18.89058502771092,0.00039950852905627445,-0.033436381251052534
-1.0578888651771658,-0.13795679288636878,18.37669841666986,0.00022564712808104565,-0.014687957846313385
-1.471045183500653,-0.1361534694421533,17.84881487333843,0.00022667395369694996,0.01252418511673693
-1.868923122135472,-0.1282923265360017,17.305567315632175,0.0005377365816523335,0.04813158261083366
-2.2292825306873834,-0.11263620444519715,16.745145233942633,0.001282350932694195,0.09113630001654509
-2.524978113421854,-0.08773329179008366,16.16513933739371,0.0025483069395606708,0.139474387006029
-2.7276189748845536,-0.053954893559422706,15.561668560834491,0.004380950680634108,0.18985859396382718
-2.8154953123135247,-0.015416948779890385,14.928004623553607,0.006792817634094625,0.2374000875151313
-2.7806551774219073,0.02154672789872207,14.255882648640924,0.009765781501692467,0.27555313265572373
-2.6347486291146662,0.04970451735744505,13.54054264576933,0.012845335642962018,0.28776078279712713
-2.3991027208692075,0.06983104219990258,12.774645408966915,0.017073632901530772,0.3094944002002293
-2.089097283468736,0.08503462558266021,11.951553411276418,0.022656618175456066,0.3363678033451108
-1.708704130132156,0.09890741214029203,11.06118372415079,0.030478400118869636,0.3735402244605742
-1.2533407876910543,0.10986645058041612,10.084221901944854,0.042323939305449636,0.4290265745063354
-0.7249621529547684,0.10823831687509791,8.98614703104799,0.06276804457229063,0.5230944596370432
-0.1258722489987687,0.09654603081172923,7.720167328953581,0.09968021346668031,0.6590119947078288
0.42492284175645073,0.05007813554249017,7.031825243557227,0.11372924125968953,0.5968323082539053
0.9279711367157077,0.05024427575023951,6.693066625432231,0.12963536849560853,0.6621032285719964
1.2553749177357951,0.021172210423714657,8.395730381388562,0.06682312227436568,0.3672423622642057
1.4134503453842882,-0.009530667579091618,9.685170129686517,0.045233944233047683,0.37379460724677516
1.4293318390844914,-0.04295976267500902,10.815619223717484,0.027213077049382858,0.24811594771332734
1.253615823367713,-0.09954216146389853,11.826517360403844,0.005303507867784978,0.03281560277928729
0.834218516375015,-0.17045102610965074,12.775716741577742,-0.009857966684790258,-0.15721538012026953
0.20279171028936993,-0.2219137246250561,13.690611400247988,-0.01172570722056268,-0.20050678673264938
-0.5324205344631064,-0.23845095105219571,13.935658309640761,-0.009844194028583384,-0.18894453146555415
-1.267810322596687,-0.23005334399704072,13.529493236660695,-0.010032263809015415,-0.1966736235973024
-1.9470068433123822,-0.20924593688160745,13.140071666209277,-0.011358102824670216,-0.20213634520141993
-2.5416226868488208,-0.18026656481286676,13.440882641174376,-0.011478520563930533,-0.19629906267993344
-3.025988877229415,-0.14216856081890017,14.249692232469865,-0.009898022775474273,-0.18674829499313525
-3.3764096330136706,-0.09443815623869688,14.996012072589417,-0.008012201526841678,-0.1790483071249718
-3.574635640509363,-0.03781109955389032,15.691876302386035,-0.00644130822304654,-0.17184189785358514
-3.6097505202384554,0.023123510409110943,16.351849094499176,-0.005120069800013121,-0.16537333184357708
-3.4822318706272695,0.08002300162967028,16.99202862615632,-0.003974475641413766,-0.1594184010490592
-3.205891128573187,0.12613532085307788,17.623636940329302,-0.002959993144887913,-0.15387785954159444
-2.8064449070272697,0.1593151652849487,18.25028126178838,-0.002053613494154455,-0.14871604402556435
-2.3165704071844258,0.1798338741320935,18.871071090953333,-0.0012419353083918585,-0.14391443163310996
-1.7718814412192176,0.18857012819692778,19.4833409926861,-0.0005151662985756639,-0.13945766961336042
-1.2070735712978646,0.18760384399503008,20.083722392313263,0.00013480098144488014,-0.13533229273719877
-0.6493240142176091,0.18062681605032327,20.669462485440622,0.000715850799125705,-0.1315201922019694
-0.11400868218913154,0.17101930813709604,21.23959760548136,0.0012363545482334919,-0.12799526970626957
0.39192477297712935,0.1601284792255174,21.7944990904908,0.0017044174394605573,-0.12472888676235945
0.864155692326527,0.14804496207894943,22.334844516268475,0.002127075787799099,-0.12169485136090474
1.2985985674568594,0.13472405886819194,22.861291184884006,0.002510242352886773,-0.11887004179865357
1.691682400687091,0.12040767615699065,23.374556100382403,0.002858942837103623,-0.11623367706390818
2.041444493391894,0.10574327406097443,23.87554300022998,0.0031775392640043137,-0.11376654980886604
2.3479937944695073,0.09137491766436676,24.365253702045628,0.003469801719596505,-0.11145114349239561
2.6127259060263963,0.07755320505438598,24.8445706182684,0.0037389061883095916,-0.10927220366696283
2.8373341280227313,0.0642749663074737,25.31422004927541,0.003987512088618897,-0.10721664822710501
3.0234186568441705,0.05150051770721939,25.774837483523193,0.0042178748322916374,-0.10527311999880191
3.172451225455228,0.03919465201247218,26.22699269560014,0.004431926479223257,-0.10343167189998548
3.285790701829254,0.02732599161713553,26.67119871760022,0.004631333052556834,-0.10168354207624572
3.3646963310314772,0.015866455472182534,27.107919299790773,0.004817539052414916,-0.10002097646876021
3.410339048070865,0.0047908163993860995,27.537575159547174,0.004991803046964535,-0.09843708195705553
3.4238112100528513,-0.005923659665499735,27.96054925108852,0.0051552241755776045,-0.09692558244366044
3.4070890831529486,-0.015374464068345379,28.37730054972576,0.005071832983520944,-0.08316507460724665
3.364821678911909,-0.022047921895026773,28.78838969521483,0.004352677418768403,-0.05343034056303784
3.303644819102873,-0.0260866766275351,29.194157556614265,0.0032175204519803466,-0.03118689644335807
3.2298105482520096,-0.028306686933094113,29.594710595586005,0.0021453243605516984,-0.016016974592383174
3.148261868508648,-0.02934312371381492,29.990105387639797,0.0012867457712817667,-0.006121150116812794
3.0625326863280926,-0.029641147838784358,30.38044167065272,0.0006519866340309414,4.323822215300891e-05
2.9749939258443807,-0.0295023769831963,30.765858450977408,0.00020732053566812947,0.0036542724845435907
2.8871525165994303,-0.029125787557867718,31.146514218851696,-8.902577397569122e-05,0.005563293726673148
2.799908519829399,-0.02863873556777954,31.52257235982293,-0.0002749967388561038,0.006373818216906882
2.7137524961484827,-0.028119330796733087,31.894193162358103,-0.0003817767826074089,0.0065077746954536565
2.62890892943959,-0.027612707105640406,32.26153020548141,-0.0004337134616286828,0.00624966975781175
2.545436652331336,-0.027142675247185485,32.62472913579118,-0.0004490744416815862,0.005784889091587707
2.463297012024021,-0.02671976263508498,32.983927591068955,-0.00044110998528720216,0.005229835774779382
2.382398743776318,-0.026346592849081387,33.3392555976913,-0.00041913448910312133,0.004654283634986913
2.302626528348314,-0.026021382075404755,33.69083611538933,-0.0003894901463997602,0.004097381411721946
2.2238584239720036,-0.02574014069653078,34.03878558890756,-0.00035634430873135865,0.0035787905991923044
2.145975910191086,-0.025498007883062244,34.383214456309375,-0.0003223174545408128,0.0031062300670537508
2.0688691622238427,-0.025290021377539076,34.724227602892924,-0.0002889594798057548,0.002680445467397531
1.9924393454140938,-0.025111530255535454,35.06192476426106,-0.00025709970266034094,0.00229838431244244
1.9165991231008992,-0.024958389619302256,35.39640088593496,-0.00022709690240866275,0.001955157837733583
1.841272153919191,-0.024827027247792424,35.72774644669982,-0.0001990134266234782,0.0016452110238126439
1.7663920702350668,-0.024714438300158,36.056047751535296,-0.0001727338143659637,0.0013629983049607299
1.6919012412691992,-0.024618141325519215,36.38138719861843,-0.00014804449080262685,0.0011033682325290086
1.6177495038981093,-0.024536114086165954,36.70384352381027,-0.00012468735016101773,0.0008617888224080283
1.5438930847761663,-0.024466639999480743,37.02349203820557,-0.00010239660433989319,0.0006344896429233812
1.470294360818682,-0.024407834184072736,37.34040489248287,-8.092498328742402e-05,0.00041854567381896567
